timestamp,index,confidence,norm_pos_x,norm_pos_y,base_data,gaze_point_3d_x,gaze_point_3d_y,gaze_point_3d_z,eye_center0_3d_x,eye_center0_3d_y,eye_center0_3d_z,gaze_normal0_x,gaze_normal0_y,gaze_normal0_z,eye_center1_3d_x,eye_center1_3d_y,eye_center1_3d_z,gaze_normal1_x,gaze_normal1_y,gaze_normal1_z
109754.74372,0,1.0,0.5183708431080305,0.90720238198876046,109754.74372-0,,,,,,,,,,,,,,,
109754.759824,0,1.0,0.51887853230059022,0.90706153819759194,109754.759824-0,,,,,,,,,,,,,,,
109754.775747,0,1.0,0.51905873983352002,0.90694744354884005,109754.775747-0,,,,,,,,,,,,,,,
109754.795757,0,1.0,0.51877611727041462,0.90749154979217472,109754.795757-0,,,,,,,,,,,,,,,
109754.811708,0,1.0,0.51904337450377547,0.90763950416273698,109754.811708-0,,,,,,,,,,,,,,,
109754.827701,0,1.0,0.5188038254652394,0.9071070749955954,109754.827701-0,,,,,,,,,,,,,,,
109754.843725,0,1.0,0.5189393576533341,0.90710505266164443,109754.843725-0,,,,,,,,,,,,,,,
109754.859694,0,1.0,0.51905661666285852,0.90849416262157057,109754.859694-0,,,,,,,,,,,,,,,
109754.879702,0,1.0,0.51859689582303403,0.90881296707370751,109754.879702-0,,,,,,,,,,,,,,,
109754.895709,0,1.0,0.5183470565520043,0.90909523585951391,109754.895709-0,,,,,,,,,,,,,,,
109754.911697,0,1.0,0.51813650511558507,0.90890540199908276,109754.911697-0,,,,,,,,,,,,,,,
109754.927695,1,1.0,0.51850977017502764,0.90870385041359025,109754.927695-0,,,,,,,,,,,,,,,
109754.943873,1,1.0,0.51991540152029181,0.90845652581503966,109754.943873-0,,,,,,,,,,,,,,,
109754.963747,1,0.99,0.54300498669311814,0.90041006199886375,109754.963747-0,,,,,,,,,,,,,,,
109754.979736,1,1.0,0.54413068392113395,0.9026825940744958,109754.979736-0,,,,,,,,,,,,,,,
109754.995729,1,1.0,0.54384250748251972,0.9030984906105104,109754.995729-0,,,,,,,,,,,,,,,
109755.011691,1,1.0,0.54476475358344345,0.90343553876011384,109755.011691-0,,,,,,,,,,,,,,,
109755.027715,1,1.0,0.54451601332750599,0.90331713318255868,109755.027715-0,,,,,,,,,,,,,,,
109755.047705,1,1.0,0.54450146945876909,0.90385541193032903,109755.047705-0,,,,,,,,,,,,,,,
109755.063758,1,1.0,0.54420712283128303,0.90413094291239027,109755.063758-0,,,,,,,,,,,,,,,
109755.079723,2,1.0,0.54435761423795626,0.90401993988129359,109755.079723-0,,,,,,,,,,,,,,,
109755.09574,3,1.0,0.54432940289952469,0.90425267917505359,109755.09574-0,,,,,,,,,,,,,,,
109755.111699,3,1.0,0.54392307503617054,0.90450284479125731,109755.111699-0,,,,,,,,,,,,,,,
109755.13171,4,1.0,0.54398141585354765,0.90453835429951912,109755.13171-0,,,,,,,,,,,,,,,
109755.147731,4,0.99,0.52630682395490247,0.90836697116340481,109755.147731-0,,,,,,,,,,,,,,,
109755.163825,5,1.0,0.52321693170040362,0.90840133450370608,109755.163825-0,,,,,,,,,,,,,,,
109755.179738,5,1.0,0.52205336232543509,0.90811663293075373,109755.179738-0,,,,,,,,,,,,,,,
109755.195741,6,1.0,0.52124073258078951,0.90862180232355527,109755.195741-0,,,,,,,,,,,,,,,
109755.215801,6,1.0,0.52163364988319749,0.90864462735997442,109755.215801-0,,,,,,,,,,,,,,,
109755.231718,7,1.0,0.52163621707268426,0.9090328382312407,109755.231718-0,,,,,,,,,,,,,,,
109755.247772,7,1.0,0.52129495368485124,0.90875243975909736,109755.247772-0,,,,,,,,,,,,,,,
109755.263786,8,1.0,0.52207326598312953,0.90807422705006058,109755.263786-0,,,,,,,,,,,,,,,
109755.279742,8,1.0,0.52208544405704416,0.90837090890889183,109755.279742-0,,,,,,,,,,,,,,,
109755.299691,9,1.0,0.52189238323231457,0.90781907296398678,109755.299691-0,,,,,,,,,,,,,,,
109755.315726,9,1.0,0.52142882057734674,0.90893778053387209,109755.315726-0,,,,,,,,,,,,,,,
109755.331676,10,1.0,0.52125706501191971,0.90825961809711853,109755.331676-0,,,,,,,,,,,,,,,
109755.34774,10,1.0,0.52104421426460767,0.90930845977955865,109755.34774-0,,,,,,,,,,,,,,,
109755.363828,11,1.0,0.52123489729841488,0.90900711522367494,109755.363828-0,,,,,,,,,,,,,,,
109755.383782,11,1.0,0.52207081257102317,0.90992419619975884,109755.383782-0,,,,,,,,,,,,,,,
109755.399715,12,1.0,0.5259145864651309,0.90873396887960745,109755.399715-0,,,,,,,,,,,,,,,
109755.415697,12,1.0,0.53041226918002415,0.90744829611307765,109755.415697-0,,,,,,,,,,,,,,,
109755.431695,13,0.99,0.55185989793040591,0.90882518393084766,109755.431695-0,,,,,,,,,,,,,,,
109755.447739,13,0.7028570248295216,0.56702410358418831,0.92132758350147359,109755.447739-0,,,,,,,,,,,,,,,
109755.467805,14,0.0,1.9845419298578566,-0.58344856517527521,109755.467805-0,,,,,,,,,,,,,,,
109755.483696,14,0.0,1.9845419298578566,-0.58344856517527521,109755.483696-0,,,,,,,,,,,,,,,
109755.499698,15,0.7043590868625298,0.55442455648785227,0.89807670197854073,109755.499698-0,,,,,,,,,,,,,,,
109755.515703,15,0.685369338012001,0.56687303528841682,0.92019167510877597,109755.515703-0,,,,,,,,,,,,,,,
109755.531734,16,0.9612543927020194,0.56512205507875102,0.92006016518631206,109755.531734-0,,,,,,,,,,,,,,,
109755.551712,16,0.99,0.55378626503053674,0.91502238971244498,109755.551712-0,,,,,,,,,,,,,,,
109755.567822,17,1.0,0.55339409271831741,0.91261384174540527,109755.567822-0,,,,,,,,,,,,,,,
109755.583718,17,1.0,0.55011706862407372,0.91107896803605914,109755.583718-0,,,,,,,,,,,,,,,
109755.599749,18,1.0,0.54622601223120704,0.9110872530119023,109755.599749-0,,,,,,,,,,,,,,,
109755.615713,18,1.0,0.54429994914731417,0.91115487808848084,109755.615713-0,,,,,,,,,,,,,,,
109755.635703,19,1.0,0.54200782210587484,0.91133955546552858,109755.635703-0,,,,,,,,,,,,,,,
109755.651692,19,1.0,0.54114841226551746,0.91179133315718186,109755.651692-0,,,,,,,,,,,,,,,
109755.66787,20,1.0,0.53948074389034417,0.91211690453876759,109755.66787-0,,,,,,,,,,,,,,,
109755.683733,20,1.0,0.5382359276947124,0.91230635379741187,109755.683733-0,,,,,,,,,,,,,,,
109755.699745,21,1.0,0.53785646253310659,0.91259387126140901,109755.699745-0,,,,,,,,,,,,,,,
109755.71971,21,1.0,0.53799371283033359,0.91268704651348731,109755.71971-0,,,,,,,,,,,,,,,
109755.73571,22,1.0,0.53676507864937228,0.91240867525379965,109755.73571-0,,,,,,,,,,,,,,,
109755.751718,22,1.0,0.53621683685462784,0.91091385193408403,109755.751718-0,,,,,,,,,,,,,,,
109755.767823,23,0.99,0.52860200671702806,0.90463133057741718,109755.767823-0,,,,,,,,,,,,,,,
109755.783743,23,1.0,0.52691634210493987,0.90500316265666925,109755.783743-0,,,,,,,,,,,,,,,
109755.803678,24,1.0,0.52648043477937634,0.90494598900801648,109755.803678-0,,,,,,,,,,,,,,,
109755.819762,24,1.0,0.52588101653218544,0.905404909304659,109755.819762-0,,,,,,,,,,,,,,,
109755.835695,25,1.0,0.52524956234010745,0.90511915829561129,109755.835695-0,,,,,,,,,,,,,,,
109755.851699,25,1.0,0.52493353430278411,0.90612989275465594,109755.851699-0,,,,,,,,,,,,,,,
109755.867873,26,1.0,0.5249259100728132,0.90551544348957602,109755.867873-0,,,,,,,,,,,,,,,
109755.887693,26,1.0,0.52468343120012051,0.90565313453427265,109755.887693-0,,,,,,,,,,,,,,,
109755.903722,27,1.0,0.52400028913303842,0.90539224649492933,109755.903722-0,,,,,,,,,,,,,,,
109755.919723,27,1.0,0.52306113441109936,0.90597207850541128,109755.919723-0,,,,,,,,,,,,,,,
109755.935684,28,1.0,0.5232294414593941,0.90581029950548686,109755.935684-0,,,,,,,,,,,,,,,
109755.951743,28,1.0,0.52277332660038489,0.90607735916915466,109755.951743-0,,,,,,,,,,,,,,,
109755.971739,29,1.0,0.52267682948926009,0.90593268156553286,109755.971739-0,,,,,,,,,,,,,,,
109755.987691,29,1.0,0.52826401906293441,0.9057539011842124,109755.987691-0,,,,,,,,,,,,,,,
109756.003707,30,1.0,0.5308425537715582,0.90546976422829673,109756.003707-0,,,,,,,,,,,,,,,
109756.019742,30,1.0,0.53065050995353324,0.9049999641291242,109756.019742-0,,,,,,,,,,,,,,,
109756.035706,31,1.0,0.53026085021162217,0.90576002940490152,109756.035706-0,,,,,,,,,,,,,,,
109756.055707,31,1.0,0.52975633145417689,0.90599403105293952,109756.055707-0,,,,,,,,,,,,,,,
109756.071866,32,1.0,0.5293631056321022,0.90702680129657764,109756.071866-0,,,,,,,,,,,,,,,
109756.087713,32,1.0,0.52820009387417066,0.90682029457612234,109756.087713-0,,,,,,,,,,,,,,,
109756.103699,33,1.0,0.52829075934329062,0.90700591911746997,109756.103699-0,,,,,,,,,,,,,,,
109756.119714,33,1.0,0.52798069995920471,0.90732362110648701,109756.119714-0,,,,,,,,,,,,,,,
109756.139697,34,1.0,0.52768052368002216,0.90756820924033299,109756.139697-0,,,,,,,,,,,,,,,
109756.155735,34,1.0,0.52737426748971039,0.90719814657430131,109756.155735-0,,,,,,,,,,,,,,,
109756.171826,35,1.0,0.52714089054086344,0.90706385052583727,109756.171826-0,,,,,,,,,,,,,,,
109756.187698,35,1.0,0.52691738947184241,0.90671351257807498,109756.187698-0,,,,,,,,,,,,,,,
109756.203694,36,1.0,0.52676866868886663,0.90680499338737253,109756.203694-0,,,,,,,,,,,,,,,
109756.223734,36,1.0,0.52690421722521563,0.90628642932319003,109756.223734-0,,,,,,,,,,,,,,,
109756.239683,37,1.0,0.52673946234082791,0.90656538637810602,109756.239683-0,,,,,,,,,,,,,,,
109756.255724,37,1.0,0.52738503677106685,0.90590425351559212,109756.255724-0,,,,,,,,,,,,,,,
109756.271746,38,1.0,0.52753812297866887,0.90548785302471835,109756.271746-0,,,,,,,,,,,,,,,
109756.293189,38,1.0,0.52724001395340458,0.905116449896469,109756.293189-0,,,,,,,,,,,,,,,
109756.307699,39,1.0,0.52734141447670346,0.90516604387373256,109756.307699-0,,,,,,,,,,,,,,,
109756.323725,39,1.0,0.527516961313518,0.90618352214349773,109756.323725-0,,,,,,,,,,,,,,,
109756.339732,40,1.0,0.52691793776767959,0.90677439051862407,109756.339732-0,,,,,,,,,,,,,,,
109756.35776,40,1.0,0.52648451226056814,0.90670248759526118,109756.35776-0,,,,,,,,,,,,,,,
109756.371729,41,0.99,0.51000242950169472,0.90858693648489641,109756.371729-0,,,,,,,,,,,,,,,
109756.391735,41,1.0,0.5059804139558306,0.91052740417041278,109756.391735-0,,,,,,,,,,,,,,,
109756.409841,42,1.0,0.50467169244854126,0.91115115688331016,109756.409841-0,,,,,,,,,,,,,,,
109756.42613,42,1.0,0.50413009779249762,0.91119680531083258,109756.42613-0,,,,,,,,,,,,,,,
109756.439753,43,1.0,0.50418423894800668,0.91151840893263358,109756.439753-0,,,,,,,,,,,,,,,
109756.468063,43,1.0,0.50408481915358649,0.91114230022335096,109756.468063-0,,,,,,,,,,,,,,,
109756.475966,44,1.0,0.50434341494620583,0.91139032478070536,109756.475966-0,,,,,,,,,,,,,,,
109756.491744,44,1.0,0.50369207699129781,0.9114494500993704,109756.491744-0,,,,,,,,,,,,,,,
109756.507763,45,1.0,0.50415150699392264,0.91110816168164721,109756.507763-0,,,,,,,,,,,,,,,
109756.523821,45,1.0,0.50497003605948443,0.91000548908942402,109756.523821-0,,,,,,,,,,,,,,,
109756.539823,46,1.0,0.50514934791432431,0.90925966765535637,109756.539823-0,,,,,,,,,,,,,,,
109756.56009,46,1.0,0.50476434756092381,0.9095074160129446,109756.56009-0,,,,,,,,,,,,,,,
109756.575738,47,1.0,0.50505051218138597,0.90822144725002651,109756.575738-0,,,,,,,,,,,,,,,
109756.59174,47,1.0,0.5049113648089012,0.90850613273369074,109756.59174-0,,,,,,,,,,,,,,,
109756.607781,48,1.0,0.50480516764251071,0.90892545992600215,109756.607781-0,,,,,,,,,,,,,,,
109756.624117,48,1.0,0.50515429279488444,0.90906152449352273,109756.624117-0,,,,,,,,,,,,,,,
109756.644736,49,1.0,0.5054506288449172,0.90925288729450582,109756.644736-0,,,,,,,,,,,,,,,
109756.659788,49,1.0,0.50588336635020603,0.90877579606932724,109756.659788-0,,,,,,,,,,,,,,,
109756.675806,50,1.0,0.50607795654973842,0.90948501519054226,109756.675806-0,,,,,,,,,,,,,,,
109756.691702,50,1.0,0.50597546871137666,0.90889122014319224,109756.691702-0,,,,,,,,,,,,,,,
109756.707682,51,1.0,0.50599711528831115,0.9091792480715073,109756.707682-0,,,,,,,,,,,,,,,
109756.72817,51,1.0,0.50683740586934611,0.9085602576894809,109756.72817-0,,,,,,,,,,,,,,,
109756.743679,52,1.0,0.50717588692062421,0.90875878263118093,109756.743679-0,,,,,,,,,,,,,,,
109756.759697,52,1.0,0.51471213331494248,0.90550511926729005,109756.759697-0,,,,,,,,,,,,,,,
109756.775824,53,1.0,0.5203243383484395,0.90369719302628226,109756.775824-0,,,,,,,,,,,,,,,
109756.791717,53,1.0,0.52087003024153056,0.90433692181190839,109756.791717-0,,,,,,,,,,,,,,,
109756.811702,54,1.0,0.52183286091030823,0.90433794314854765,109756.811702-0,,,,,,,,,,,,,,,
109756.827966,54,1.0,0.52209071033695054,0.90426926243657135,109756.827966-0,,,,,,,,,,,,,,,
109756.843705,55,1.0,0.52254017564927402,0.90380902244463002,109756.843705-0,,,,,,,,,,,,,,,
109756.859689,55,1.0,0.52251466957159209,0.9044346522093516,109756.859689-0,,,,,,,,,,,,,,,
109756.875835,56,1.0,0.52239745924124215,0.90448918430742964,109756.875835-0,,,,,,,,,,,,,,,
109756.895764,56,1.0,0.52222747575398643,0.90437304080414194,109756.895764-0,,,,,,,,,,,,,,,
109756.912266,57,0.99,0.5485236018922226,0.89771322357709149,109756.912266-0,,,,,,,,,,,,,,,
109756.927675,57,0.6725877373682403,0.67860824668419539,0.90038222197689866,109756.927675-0,,,,,,,,,,,,,,,
109756.946425,58,0.99,0.67878446397511816,0.8700785534712363,109756.946425-0,,,,,,,,,,,,,,,
109756.959732,58,1.0,0.67696552174191282,0.87127894341613032,109756.959732-0,,,,,,,,,,,,,,,
109756.979817,59,1.0,0.67627589629884177,0.87319519394620393,109756.979817-0,,,,,,,,,,,,,,,
109756.996031,59,1.0,0.67533911943697511,0.87473108035267177,109756.996031-0,,,,,,,,,,,,,,,
109757.01171,60,1.0,0.67480590946507846,0.87526829460990019,109757.01171-0,,,,,,,,,,,,,,,
109757.027918,60,1.0,0.67418112170851252,0.87572634539375205,109757.027918-0,,,,,,,,,,,,,,,
109757.043704,61,1.0,0.67423126966085256,0.87578827105904722,109757.043704-0,,,,,,,,,,,,,,,
109757.063931,61,1.0,0.67382651341640099,0.87495620238255345,109757.063931-0,,,,,,,,,,,,,,,
109757.079803,62,1.0,0.67396754827070993,0.87502032089012616,109757.079803-0,,,,,,,,,,,,,,,
109757.095782,62,1.0,0.67362133501148413,0.87447551591486139,109757.095782-0,,,,,,,,,,,,,,,
109757.111717,63,1.0,0.67323541535260922,0.87448482406892314,109757.111717-0,,,,,,,,,,,,,,,
109757.127824,63,1.0,0.67283297725346536,0.87342843474918208,109757.127824-0,,,,,,,,,,,,,,,
109757.147707,64,1.0,0.67302697924606214,0.87390825167692654,109757.147707-0,,,,,,,,,,,,,,,
109757.164037,64,1.0,0.67130096104977,0.87364912385730609,109757.164037-0,,,,,,,,,,,,,,,
109757.179901,65,0.99,0.65848026761937284,0.871880629026621,109757.179901-0,,,,,,,,,,,,,,,
109757.195683,65,1.0,0.65898566820847648,0.87242958995173137,109757.195683-0,,,,,,,,,,,,,,,
109757.211731,66,1.0,0.65869285456458648,0.87226940440112433,109757.211731-0,,,,,,,,,,,,,,,
109757.231967,66,1.0,0.65857484939930444,0.87256241557232794,109757.231967-0,,,,,,,,,,,,,,,
109757.247677,67,1.0,0.65822804944317603,0.87288258877359493,109757.247677-0,,,,,,,,,,,,,,,
109757.264062,67,1.0,0.65845299027809645,0.87352490274738948,109757.264062-0,,,,,,,,,,,,,,,
109757.279729,68,1.0,0.65866528126080759,0.87410729245534835,109757.279729-0,,,,,,,,,,,,,,,
109757.295761,68,1.0,0.65825721179741059,0.87427586206585328,109757.295761-0,,,,,,,,,,,,,,,
109757.315831,69,1.0,0.65883794417984909,0.87476429284840762,109757.315831-0,,,,,,,,,,,,,,,
109757.331822,69,1.0,0.65856772722180068,0.87521917803269567,109757.331822-0,,,,,,,,,,,,,,,
109757.347723,70,1.0,0.65841476008838384,0.87536242552802523,109757.347723-0,,,,,,,,,,,,,,,
109757.363826,70,1.0,0.65864632599642547,0.87542220581518393,109757.363826-0,,,,,,,,,,,,,,,
109757.379761,71,0.99,0.66504074838408478,0.87198038940634337,109757.379761-0,,,,,,,,,,,,,,,
109757.399942,71,1.0,0.66720936386748342,0.87032532834716481,109757.399942-0,,,,,,,,,,,,,,,
109757.415724,72,1.0,0.66802240249935885,0.87011200215017137,109757.415724-0,,,,,,,,,,,,,,,
109757.43197,72,1.0,0.66781965295578694,0.86978327856823068,109757.43197-0,,,,,,,,,,,,,,,
109757.447726,73,1.0,0.66751125229455077,0.86964524310813918,109757.447726-0,,,,,,,,,,,,,,,
109757.480353,73,1.0,0.66769425576417518,0.86966884715217052,109757.480353-0,,,,,,,,,,,,,,,
109757.489637,74,1.0,0.66765267553601682,0.86904567207281236,109757.489637-0,,,,,,,,,,,,,,,
109757.515673,75,1.0,0.66757570430743662,0.86893123803402084,109757.515673-0,,,,,,,,,,,,,,,
109757.522467,75,1.0,0.66774100771793776,0.86861998298803034,109757.522467-0,,,,,,,,,,,,,,,
109757.531964,75,1.0,0.66776629411176458,0.86838481515562194,109757.531964-0,,,,,,,,,,,,,,,
109757.5477,76,1.0,0.6683822751652535,0.8678904547033639,109757.5477-0,,,,,,,,,,,,,,,
109757.568098,76,1.0,0.66942471817781168,0.86774954439838847,109757.568098-0,,,,,,,,,,,,,,,
109757.583833,77,1.0,0.66942789854466689,0.86726634535792435,109757.583833-0,,,,,,,,,,,,,,,
109757.600735,77,1.0,0.67034130073909637,0.8675189398965566,109757.600735-0,,,,,,,,,,,,,,,
109757.615792,78,1.0,0.67131754029516699,0.86685262789785877,109757.615792-0,,,,,,,,,,,,,,,
109757.631813,78,1.0,0.67296627900016759,0.86694151541396547,109757.631813-0,,,,,,,,,,,,,,,
109757.651743,79,1.0,0.67385324666295965,0.86554003652024747,109757.651743-0,,,,,,,,,,,,,,,
109757.669833,79,0.99,0.69987406014033127,0.85210157639774753,109757.669833-0,,,,,,,,,,,,,,,
109757.690531,80,0.99,0.71142286665943288,0.84854292021511757,109757.690531-0,,,,,,,,,,,,,,,
109757.700465,80,1.0,0.7114224323867866,0.84835531062503389,109757.700465-0,,,,,,,,,,,,,,,
109757.715996,81,1.0,0.71234304647927971,0.84915664851220196,109757.715996-0,,,,,,,,,,,,,,,
109757.738294,81,1.0,0.71257735484154772,0.84922161908554195,109757.738294-0,,,,,,,,,,,,,,,
109757.751805,82,1.0,0.71291459340228513,0.84921333264482435,109757.751805-0,,,,,,,,,,,,,,,
109757.768284,82,1.0,0.71324830365369785,0.84945531528517559,109757.768284-0,,,,,,,,,,,,,,,
109757.783729,83,1.0,0.71313458874440094,0.84918705574755027,109757.783729-0,,,,,,,,,,,,,,,
109757.7998,83,1.0,0.71321598902209793,0.84903680762080302,109757.7998-0,,,,,,,,,,,,,,,
109757.81968,84,1.0,0.71309103073460989,0.8487215233566312,109757.81968-0,,,,,,,,,,,,,,,
109757.835849,84,1.0,0.71330833942323224,0.84889599299310259,109757.835849-0,,,,,,,,,,,,,,,
109757.85174,85,1.0,0.71312446360315818,0.84858678177044311,109757.85174-0,,,,,,,,,,,,,,,
109757.868184,85,1.0,0.71267455412340475,0.8480212973448209,109757.868184-0,,,,,,,,,,,,,,,
109757.883763,86,1.0,0.71242800166667841,0.84777692442912578,109757.883763-0,,,,,,,,,,,,,,,
109757.903748,86,1.0,0.71220181484405032,0.84767180626366656,109757.903748-0,,,,,,,,,,,,,,,
109757.91975,87,1.0,0.71178426937837891,0.84720594699522955,109757.91975-0,,,,,,,,,,,,,,,
109757.936659,87,1.0,0.71167638356334173,0.84713199724842703,109757.936659-0,,,,,,,,,,,,,,,
109757.951786,88,1.0,0.71206490349386087,0.84760292548567673,109757.951786-0,,,,,,,,,,,,,,,
109757.967865,88,1.0,0.71201894226419071,0.84769073523493699,109757.967865-0,,,,,,,,,,,,,,,
109757.987736,89,1.0,0.71193182923573239,0.84772490836946268,109757.987736-0,,,,,,,,,,,,,,,
109758.004304,89,1.0,0.71146355646360071,0.84745577531277672,109758.004304-0,,,,,,,,,,,,,,,
109758.019676,90,1.0,0.71158721882266107,0.84777300682557399,109758.019676-0,,,,,,,,,,,,,,,
109758.035969,90,1.0,0.71120169434518665,0.84752260488871389,109758.035969-0,,,,,,,,,,,,,,,
109758.051694,91,1.0,0.71102559599670734,0.84751047607673335,109758.051694-0,,,,,,,,,,,,,,,
109758.07182,91,1.0,0.71110688049016701,0.84780901273273468,109758.07182-0,,,,,,,,,,,,,,,
109758.087865,92,1.0,0.71136535079188334,0.8482670039143283,109758.087865-0,,,,,,,,,,,,,,,
109758.103763,92,1.0,0.71082483161885968,0.8481329400778872,109758.103763-0,,,,,,,,,,,,,,,
109758.119745,93,1.0,0.71072935550100702,0.8483639900191644,109758.119745-0,,,,,,,,,,,,,,,
109758.135949,93,1.0,0.71071219221712845,0.84871350587040517,109758.135949-0,,,,,,,,,,,,,,,
109758.155683,94,1.0,0.71038754906220447,0.8488041834363127,109758.155683-0,,,,,,,,,,,,,,,
109758.172209,94,1.0,0.71023065696113008,0.84913610861484923,109758.172209-0,,,,,,,,,,,,,,,
109758.187826,95,1.0,0.70958594347491832,0.8488606945976418,109758.187826-0,,,,,,,,,,,,,,,
109758.204007,95,1.0,0.70920836470893711,0.84921297651805361,109758.204007-0,,,,,,,,,,,,,,,
109758.219694,96,1.0,0.70875259197737783,0.84948595718268116,109758.219694-0,,,,,,,,,,,,,,,
109758.239727,96,1.0,0.70807433102833706,0.84985769505100262,109758.239727-0,,,,,,,,,,,,,,,
109758.255677,97,1.0,0.70763068820310693,0.85051890950964371,109758.255677-0,,,,,,,,,,,,,,,
109758.27201,97,0.0,1.9845419298578566,-0.58344856517527521,109758.27201-0,,,,,,,,,,,,,,,
109758.287824,98,0.99,0.66160428756063716,0.85879598185268247,109758.287824-0,,,,,,,,,,,,,,,
109758.303784,98,0.99,0.63810504054034745,0.86826289601240081,109758.303784-0,,,,,,,,,,,,,,,
109758.323705,99,1.0,0.63630081787330184,0.86854011260929997,109758.323705-0,,,,,,,,,,,,,,,
109758.340036,99,1.0,0.63388579191387961,0.86907208663699986,109758.340036-0,,,,,,,,,,,,,,,
109758.355698,100,1.0,0.6304861948505831,0.87012109112283476,109758.355698-0,,,,,,,,,,,,,,,
109758.372041,100,1.0,0.62722509647609037,0.87040827300717094,109758.372041-0,,,,,,,,,,,,,,,
109758.387829,101,1.0,0.62424454025471476,0.87144204725476815,109758.387829-0,,,,,,,,,,,,,,,
109758.407858,101,1.0,0.62180928105263078,0.87185119358383201,109758.407858-0,,,,,,,,,,,,,,,
109758.423697,102,1.0,0.61874247912283309,0.87244100149266313,109758.423697-0,,,,,,,,,,,,,,,
109758.439739,102,1.0,0.61630578895736399,0.8732845756943961,109758.439739-0,,,,,,,,,,,,,,,
109758.455761,103,1.0,0.61395685101359909,0.87356745977921957,109758.455761-0,,,,,,,,,,,,,,,
109758.472052,103,1.0,0.6123077567282742,0.8739804463551808,109758.472052-0,,,,,,,,,,,,,,,
109758.491857,104,1.0,0.61042087987482496,0.87393508289340982,109758.491857-0,,,,,,,,,,,,,,,
109758.507846,104,1.0,0.60884949295475366,0.87469722319904442,109758.507846-0,,,,,,,,,,,,,,,
109758.523711,105,0.99,0.62263712312982378,0.87261726408791329,109758.523711-0,,,,,,,,,,,,,,,
109758.540043,105,0.99,0.63365917582356701,0.87104435867200003,109758.540043-0,,,,,,,,,,,,,,,
109758.555721,106,1.0,0.63175862963756657,0.87189391396568894,109758.555721-0,,,,,,,,,,,,,,,
109758.5757,106,1.0,0.63234351211778339,0.87298973019859449,109758.5757-0,,,,,,,,,,,,,,,
109758.591846,107,1.0,0.63215952764474892,0.87287157125491266,109758.591846-0,,,,,,,,,,,,,,,
109758.607728,107,1.0,0.63236846856932516,0.87381615178852368,109758.607728-0,,,,,,,,,,,,,,,
109758.6237,108,1.0,0.63234973479755041,0.8736031351826794,109758.6237-0,,,,,,,,,,,,,,,
109758.640125,108,1.0,0.63243310772826788,0.87348694458209053,109758.640125-0,,,,,,,,,,,,,,,
109758.659673,109,1.0,0.63265177653787674,0.87363501564696655,109758.659673-0,,,,,,,,,,,,,,,
109758.675691,109,1.0,0.63307150216330932,0.87433590455076704,109758.675691-0,,,,,,,,,,,,,,,
109758.691861,110,1.0,0.63329290908773572,0.87496747362871474,109758.691861-0,,,,,,,,,,,,,,,
109758.708021,110,1.0,0.63380282762721052,0.87577681370306149,109758.708021-0,,,,,,,,,,,,,,,
109758.723702,111,1.0,0.63444052752084623,0.87653535694321416,109758.723702-0,,,,,,,,,,,,,,,
109758.743826,111,1.0,0.63455240712809946,0.8773368215127153,109758.743826-0,,,,,,,,,,,,,,,
109758.759729,112,1.0,0.63503569959487827,0.87815286365125544,109758.759729-0,,,,,,,,,,,,,,,
109758.77631,112,1.0,0.63540550040975852,0.87884726702441984,109758.77631-0,,,,,,,,,,,,,,,
109758.791707,113,1.0,0.63531859536532487,0.87852707043435174,109758.791707-0,,,,,,,,,,,,,,,
109758.80795,113,1.0,0.635551423186973,0.87888644298935592,109758.80795-0,,,,,,,,,,,,,,,
109758.828587,114,1.0,0.6357034845629741,0.8791353300092144,109758.828587-0,,,,,,,,,,,,,,,
109758.844432,114,1.0,0.63551815849654325,0.87925018507230668,109758.844432-0,,,,,,,,,,,,,,,
109758.860151,115,1.0,0.63618580331282182,0.88001809206686588,109758.860151-0,,,,,,,,,,,,,,,
109758.878533,115,1.0,0.63656313482727889,0.87995182083993484,109758.878533-0,,,,,,,,,,,,,,,
109758.891869,116,1.0,0.63645918736417428,0.87990712816115657,109758.891869-0,,,,,,,,,,,,,,,
109758.91177,116,1.0,0.63676265532302345,0.88048837492874821,109758.91177-0,,,,,,,,,,,,,,,
109758.928072,117,1.0,0.6366224026006666,0.88017481620207771,109758.928072-0,,,,,,,,,,,,,,,
109758.944091,117,1.0,0.63623403459903294,0.88003025678806779,109758.944091-0,,,,,,,,,,,,,,,
109758.959704,118,1.0,0.63616824520368276,0.87937576286364472,109758.959704-0,,,,,,,,,,,,,,,
109758.976101,118,1.0,0.63569303252333853,0.87903991806914217,109758.976101-0,,,,,,,,,,,,,,,
109758.995752,119,1.0,0.63554878429675021,0.87783463501218328,109758.995752-0,,,,,,,,,,,,,,,
109759.012112,119,1.0,0.63543626282539556,0.87703451043499481,109759.012112-0,,,,,,,,,,,,,,,
109759.027743,120,1.0,0.63515546026319036,0.87545923882942933,109759.027743-0,,,,,,,,,,,,,,,
109759.044736,120,1.0,0.63447591394179348,0.87368909632550196,109759.044736-0,,,,,,,,,,,,,,,
109759.060212,121,1.0,0.63324447010822738,0.86878702500734217,109759.060212-0,,,,,,,,,,,,,,,
109759.080374,121,0.99,0.61513629669171088,0.8185487164479115,109759.080374-0,,,,,,,,,,,,,,,
109759.105391,122,0.99,0.60704270469921262,0.76596627988468313,109759.105391-0,,,,,,,,,,,,,,,
109759.11698,123,0.99,0.60553116188126488,0.73796372698849044,109759.11698-0,,,,,,,,,,,,,,,
109759.158715,124,0.99,0.59641366596682666,0.71823837448291616,109759.158715-0,,,,,,,,,,,,,,,
109759.165544,124,1.0,0.59661819680850314,0.7155564719425378,109759.165544-0,,,,,,,,,,,,,,,
109759.180467,124,1.0,0.5968198281152457,0.71441343444925742,109759.180467-0,,,,,,,,,,,,,,,
109759.195814,125,1.0,0.59695650558274593,0.71408803217135386,109759.195814-0,,,,,,,,,,,,,,,
109759.212061,125,1.0,0.59689881437368975,0.7136716320872809,109759.212061-0,,,,,,,,,,,,,,,
109759.227758,126,1.0,0.59685744971895183,0.71236227679820363,109759.227758-0,,,,,,,,,,,,,,,
109759.247825,126,0.99,0.59929659543346325,0.67857610544518554,109759.247825-0,,,,,,,,,,,,,,,
109759.270749,127,0.99,0.59426455437076697,0.60351736715887228,109759.270749-0,,,,,,,,,,,,,,,
109759.280264,127,0.99,0.59389275305538369,0.57367224421648366,109759.280264-0,,,,,,,,,,,,,,,
109759.295745,128,1.0,0.59329711335018409,0.57413644486363502,109759.295745-0,,,,,,,,,,,,,,,
109759.311702,128,1.0,0.59321240275775544,0.5732382337800388,109759.311702-0,,,,,,,,,,,,,,,
109759.331708,129,1.0,0.59364579556035402,0.57268066813663498,109759.331708-0,,,,,,,,,,,,,,,
109759.347693,129,1.0,0.59354524003273745,0.57245124603164399,109759.347693-0,,,,,,,,,,,,,,,
109759.363866,130,1.0,0.59391423722441594,0.57201038906654844,109759.363866-0,,,,,,,,,,,,,,,
109759.379869,130,1.0,0.59390885039216634,0.57186923487516683,109759.379869-0,,,,,,,,,,,,,,,
109759.395732,131,1.0,0.5938334211404861,0.57106765084483246,109759.395732-0,,,,,,,,,,,,,,,
109759.415687,131,1.0,0.59382134967662203,0.57207943057669741,109759.415687-0,,,,,,,,,,,,,,,
109759.431677,132,1.0,0.59375106152248769,0.57164693174954184,109759.431677-0,,,,,,,,,,,,,,,
109759.447865,132,1.0,0.59388465049725347,0.57044383933164511,109759.447865-0,,,,,,,,,,,,,,,
109759.463869,133,1.0,0.59418727014184469,0.56969756254341153,109759.463869-0,,,,,,,,,,,,,,,
109759.479869,133,1.0,0.59425125965051073,0.56959562549528275,109759.479869-0,,,,,,,,,,,,,,,
109759.499706,134,1.0,0.59397426822683919,0.5698951394171905,109759.499706-0,,,,,,,,,,,,,,,
109759.515738,134,1.0,0.59420808940858727,0.57108948713492413,109759.515738-0,,,,,,,,,,,,,,,
109759.531677,135,0.0,1.9845419298578566,-0.58344856517527521,109759.531677-0,,,,,,,,,,,,,,,
109759.547712,135,0.9035498270459219,0.54517425576754341,0.82054354614274505,109759.547712-0,,,,,,,,,,,,,,,
109759.563873,136,0.99,0.52695812221112348,0.88526686519615261,109759.563873-0,,,,,,,,,,,,,,,
109759.583717,136,0.99,0.52122133014791849,0.90500566219781131,109759.583717-0,,,,,,,,,,,,,,,
109759.599693,137,1.0,0.52035375737421319,0.90276959438969318,109759.599693-0,,,,,,,,,,,,,,,
109759.615693,137,1.0,0.51956056247345472,0.90225947352527758,109759.615693-0,,,,,,,,,,,,,,,
109759.631709,138,1.0,0.51836584853000289,0.90141141635862265,109759.631709-0,,,,,,,,,,,,,,,
109759.647699,138,1.0,0.51769562649911016,0.90166162170730235,109759.647699-0,,,,,,,,,,,,,,,
109759.66782,139,1.0,0.51663231486532624,0.90208445412696836,109759.66782-0,,,,,,,,,,,,,,,
109759.683879,139,1.0,0.51698117151286738,0.90180066313173946,109759.683879-0,,,,,,,,,,,,,,,
109759.699678,140,1.0,0.51640092648734637,0.90141110558673088,109759.699678-0,,,,,,,,,,,,,,,
109759.715683,140,1.0,0.51648400887644108,0.90124567475805151,109759.715683-0,,,,,,,,,,,,,,,
109759.731726,141,1.0,0.51632805332812204,0.90145504828774836,109759.731726-0,,,,,,,,,,,,,,,
109759.751693,141,1.0,0.51645870827128881,0.9010049959545432,109759.751693-0,,,,,,,,,,,,,,,
109759.768014,142,0.9591272749412412,0.5373690909604516,0.88344684972545462,109759.768014-0,,,,,,,,,,,,,,,
109759.783785,142,0.99,0.53817528694219519,0.88222009059387041,109759.783785-0,,,,,,,,,,,,,,,
109759.799679,143,1.0,0.5376326406172236,0.88346748376622308,109759.799679-0,,,,,,,,,,,,,,,
109759.815865,143,1.0,0.53786903748249948,0.88365789664038719,109759.815865-0,,,,,,,,,,,,,,,
109759.835699,144,1.0,0.53732675883448344,0.88375908529471925,109759.835699-0,,,,,,,,,,,,,,,
109759.851725,144,1.0,0.53755235156578784,0.88406852038426909,109759.851725-0,,,,,,,,,,,,,,,
109759.867782,145,1.0,0.53769816635674772,0.88458465273076836,109759.867782-0,,,,,,,,,,,,,,,
109759.88376,145,1.0,0.53755884528870901,0.88379252242305206,109759.88376-0,,,,,,,,,,,,,,,
109759.899688,146,1.0,0.53706453763359718,0.88416950470501821,109759.899688-0,,,,,,,,,,,,,,,
109759.919774,146,1.0,0.53686276395565891,0.88434858472308253,109759.919774-0,,,,,,,,,,,,,,,
109759.935691,147,1.0,0.53681371759176599,0.88432691383266704,109759.935691-0,,,,,,,,,,,,,,,
109759.951734,147,1.0,0.53702014009793864,0.88418208997892922,109759.951734-0,,,,,,,,,,,,,,,
109759.967898,148,1.0,0.53711741079553832,0.88432766929324558,109759.967898-0,,,,,,,,,,,,,,,
109759.983892,148,1.0,0.53656962015583076,0.883969613940355,109759.983892-0,,,,,,,,,,,,,,,
109760.003699,149,1.0,0.53636527758840558,0.88757896009832749,109760.003699-0,,,,,,,,,,,,,,,
109760.019682,149,1.0,0.53741792793127807,0.88990142560038965,109760.019682-0,,,,,,,,,,,,,,,
109760.035694,150,1.0,0.5371532228505842,0.88914345197574196,109760.035694-0,,,,,,,,,,,,,,,
109760.051721,150,1.0,0.53723513200233874,0.88936497402499803,109760.051721-0,,,,,,,,,,,,,,,
109760.067871,151,1.0,0.53705310935435513,0.88922493577142081,109760.067871-0,,,,,,,,,,,,,,,
109760.087711,152,1.0,0.53744684035342694,0.88903888858444979,109760.087711-0,,,,,,,,,,,,,,,
109760.103704,152,1.0,0.53766957018066996,0.8888071424833166,109760.103704-0,,,,,,,,,,,,,,,
109760.119712,152,1.0,0.53787632408441155,0.8892372498284109,109760.119712-0,,,,,,,,,,,,,,,
109760.135703,153,1.0,0.53827247181884808,0.88969677718242934,109760.135703-0,,,,,,,,,,,,,,,
109760.151716,153,1.0,0.53790136501550023,0.88933832470228236,109760.151716-0,,,,,,,,,,,,,,,
109760.171733,154,1.0,0.53842745713378193,0.88942966857326233,109760.171733-0,,,,,,,,,,,,,,,
109760.187734,154,1.0,0.53879820151214375,0.88903889553069781,109760.187734-0,,,,,,,,,,,,,,,
109760.203681,155,1.0,0.53866645690661663,0.8895791447907877,109760.203681-0,,,,,,,,,,,,,,,
109760.219968,155,1.0,0.53911410104557511,0.8891696707341179,109760.219968-0,,,,,,,,,,,,,,,
109760.235693,156,1.0,0.53939148376436741,0.88988326149466168,109760.235693-0,,,,,,,,,,,,,,,
109760.255693,157,1.0,0.54003000678100754,0.89007222140659881,109760.255693-0,,,,,,,,,,,,,,,
109760.271734,157,1.0,0.54022228748924839,0.8902772640006722,109760.271734-0,,,,,,,,,,,,,,,
109760.28774,157,1.0,0.54058183581012997,0.88992463426064283,109760.28774-0,,,,,,,,,,,,,,,
109760.303701,158,1.0,0.54064395778888397,0.89036586942013329,109760.303701-0,,,,,,,,,,,,,,,
109760.319718,158,1.0,0.54099410440291784,0.89094969250296074,109760.319718-0,,,,,,,,,,,,,,,
109760.339706,159,1.0,0.5412463080518588,0.89080369503188184,109760.339706-0,,,,,,,,,,,,,,,
109760.355677,160,1.0,0.5417578355985686,0.89016662239330113,109760.355677-0,,,,,,,,,,,,,,,
109760.371707,160,1.0,0.54151264443861713,0.89027297483215051,109760.371707-0,,,,,,,,,,,,,,,
109760.387742,160,1.0,0.54170546953166898,0.89002822321134278,109760.387742-0,,,,,,,,,,,,,,,
109760.403733,161,1.0,0.54148613838005133,0.88891040504839314,109760.403733-0,,,,,,,,,,,,,,,
109760.423677,162,1.0,0.54155724884619261,0.88905222635886894,109760.423677-0,,,,,,,,,,,,,,,
109760.4397,162,1.0,0.54142261292831684,0.88917279748877132,109760.4397-0,,,,,,,,,,,,,,,
109760.455715,162,1.0,0.54119334490457582,0.8882675723181972,109760.455715-0,,,,,,,,,,,,,,,
109760.471868,163,1.0,0.54135901046164925,0.88840345273533394,109760.471868-0,,,,,,,,,,,,,,,
109760.487735,163,1.0,0.54038286381052991,0.8885590938945942,109760.487735-0,,,,,,,,,,,,,,,
109760.5077,164,1.0,0.54005712850369747,0.88916055369420821,109760.5077-0,,,,,,,,,,,,,,,
109760.523712,165,1.0,0.53952612214809825,0.8892241826260463,109760.523712-0,,,,,,,,,,,,,,,
109760.539705,165,1.0,0.5391433613477421,0.88945341096747743,109760.539705-0,,,,,,,,,,,,,,,
109760.555685,165,1.0,0.53845266432400685,0.88929005087307278,109760.555685-0,,,,,,,,,,,,,,,
109760.571828,166,1.0,0.53771687444567995,0.88941080035271369,109760.571828-0,,,,,,,,,,,,,,,
109760.591726,167,1.0,0.53631688984795467,0.89018796403596667,109760.591726-0,,,,,,,,,,,,,,,
109760.607692,167,1.0,0.53490406307225236,0.89056048466712934,109760.607692-0,,,,,,,,,,,,,,,
109760.623695,168,1.0,0.53310239011627836,0.89079201335302383,109760.623695-0,,,,,,,,,,,,,,,
109760.639709,168,1.0,0.53163568394131389,0.89102526847162267,109760.639709-0,,,,,,,,,,,,,,,
109760.655683,168,0.6575409271957546,0.52364704989757804,0.9534734873809132,109760.655683-0,,,,,,,,,,,,,,,
109760.675728,169,0.99,0.49659504082739048,0.89666039821090671,109760.675728-0,,,,,,,,,,,,,,,
109760.691708,170,1.0,0.49534262462026213,0.89683973151104279,109760.691708-0,,,,,,,,,,,,,,,
109760.707699,170,1.0,0.49240575072348669,0.89796018236109365,109760.707699-0,,,,,,,,,,,,,,,
109760.7237,170,1.0,0.48986840883412341,0.89862784563154641,109760.7237-0,,,,,,,,,,,,,,,
109760.7397,171,1.0,0.48688621791554887,0.89985715474394823,109760.7397-0,,,,,,,,,,,,,,,
109760.759681,172,1.0,0.48390435883717231,0.90127032583091893,109760.759681-0,,,,,,,,,,,,,,,
109760.775724,172,1.0,0.4813692104976024,0.9010086749139008,109760.775724-0,,,,,,,,,,,,,,,
109760.79172,173,1.0,0.47800035877077107,0.90163648315181,109760.79172-0,,,,,,,,,,,,,,,
109760.80771,173,1.0,0.4750248348099646,0.90184847483698416,109760.80771-0,,,,,,,,,,,,,,,
109760.823688,173,1.0,0.47148476987317878,0.90203776499362043,109760.823688-0,,,,,,,,,,,,,,,
109760.843679,174,1.0,0.46797111315022555,0.90267545555473649,109760.843679-0,,,,,,,,,,,,,,,
109760.859685,175,1.0,0.46506374381540994,0.90213969458470267,109760.859685-0,,,,,,,,,,,,,,,
109760.875734,175,1.0,0.46167499463769879,0.90267041710046669,109760.875734-0,,,,,,,,,,,,,,,
109760.89174,175,1.0,0.45836172886395232,0.90271719292778396,109760.89174-0,,,,,,,,,,,,,,,
109760.907697,176,1.0,0.45578723269190569,0.90276700275761801,109760.907697-0,,,,,,,,,,,,,,,
109760.927732,177,1.0,0.45428509521685179,0.90183475616252995,109760.927732-0,,,,,,,,,,,,,,,
109760.943704,177,1.0,0.45267997451906794,0.90117913578740616,109760.943704-0,,,,,,,,,,,,,,,
109760.959723,178,1.0,0.45010956240136402,0.90110352353352585,109760.959723-0,,,,,,,,,,,,,,,
109760.975733,178,1.0,0.44782967193031986,0.90087916011053082,109760.975733-0,,,,,,,,,,,,,,,
109760.991753,178,0.99,0.4388728238109465,0.89857217298596481,109760.991753-0,,,,,,,,,,,,,,,
109761.011698,179,0.99,0.42192206834743828,0.89568876336256054,109761.011698-0,,,,,,,,,,,,,,,
109761.027692,180,1.0,0.4206669761928179,0.89729640915634423,109761.027692-0,,,,,,,,,,,,,,,
109761.043685,180,1.0,0.41836572863127053,0.89811198843828421,109761.043685-0,,,,,,,,,,,,,,,
109761.059713,181,1.0,0.41637143085710449,0.89795795360223529,109761.059713-0,,,,,,,,,,,,,,,
109761.07574,181,1.0,0.41336171615065709,0.89876740541286182,109761.07574-0,,,,,,,,,,,,,,,
109761.095714,182,1.0,0.41055103701052786,0.89849169616772162,109761.095714-0,,,,,,,,,,,,,,,
109761.111696,182,1.0,0.40795476611258508,0.89870625315310182,109761.111696-0,,,,,,,,,,,,,,,
109761.127706,183,1.0,0.40540789624381368,0.89861447477738654,109761.127706-0,,,,,,,,,,,,,,,
109761.143701,183,1.0,0.40220031562559377,0.89999282228259592,109761.143701-0,,,,,,,,,,,,,,,
109761.159681,183,1.0,0.39917123252479136,0.89948156494736065,109761.159681-0,,,,,,,,,,,,,,,
109761.179721,184,1.0,0.3968527318975017,0.90039945184129611,109761.179721-0,,,,,,,,,,,,,,,
109761.196081,185,1.0,0.39470061250348643,0.90008702691959908,109761.196081-0,,,,,,,,,,,,,,,
109761.211689,185,1.0,0.39313040521838971,0.89921510906329871,109761.211689-0,,,,,,,,,,,,,,,
109761.227706,186,1.0,0.39200353959419409,0.89975533175723932,109761.227706-0,,,,,,,,,,,,,,,
109761.243698,186,1.0,0.38991864189257797,0.90025740218006067,109761.243698-0,,,,,,,,,,,,,,,
109761.263682,187,1.0,0.38818050136525528,0.90250405678503043,109761.263682-0,,,,,,,,,,,,,,,
109761.27972,187,1.0,0.38652052570422413,0.90271882091182487,109761.27972-0,,,,,,,,,,,,,,,
109761.295726,188,1.0,0.3861378120453427,0.90209558157011838,109761.295726-0,,,,,,,,,,,,,,,
109761.311703,188,1.0,0.38636371355774735,0.90190795270027735,109761.311703-0,,,,,,,,,,,,,,,
109761.327716,189,1.0,0.38600911293834095,0.90299884112496986,109761.327716-0,,,,,,,,,,,,,,,
109761.347728,189,1.0,0.38483337579579491,0.90285700125359636,109761.347728-0,,,,,,,,,,,,,,,
109761.363676,190,0.9984156123841756,0.3855660935195413,0.90251261789213988,109761.363676-0,,,,,,,,,,,,,,,
109761.379723,190,1.0,0.38578687645192922,0.90142863934564676,109761.379723-0,,,,,,,,,,,,,,,
109761.395717,191,1.0,0.38549305280116997,0.9024005598171998,109761.395717-0,,,,,,,,,,,,,,,
109761.411696,191,1.0,0.38595344852093483,0.90167600542961512,109761.411696-0,,,,,,,,,,,,,,,
109761.43168,192,1.0,0.38574800980681623,0.90145947595839626,109761.43168-0,,,,,,,,,,,,,,,
109761.447707,192,1.0,0.38603422244910668,0.9009625181162777,109761.447707-0,,,,,,,,,,,,,,,
109761.463693,193,1.0,0.38544889652140846,0.90168405418808817,109761.463693-0,,,,,,,,,,,,,,,
109761.479728,193,1.0,0.3858440875196063,0.90116389566774036,109761.479728-0,,,,,,,,,,,,,,,
109761.49575,194,1.0,0.3866885332404042,0.90138789251400997,109761.49575-0,,,,,,,,,,,,,,,
109761.515906,194,1.0,0.38646100666231042,0.90181176687227627,109761.515906-0,,,,,,,,,,,,,,,
109761.531674,195,1.0,0.38649500178783569,0.90191297774184687,109761.531674-0,,,,,,,,,,,,,,,
109761.547704,195,1.0,0.39080916116345499,0.90059518842303987,109761.547704-0,,,,,,,,,,,,,,,
109761.563699,196,0.99,0.40055724856975949,0.89756265716956118,109761.563699-0,,,,,,,,,,,,,,,
109761.579727,196,1.0,0.40120819203043645,0.89828560996272966,109761.579727-0,,,,,,,,,,,,,,,
109761.599699,197,1.0,0.40226570814081164,0.89932821661597639,109761.599699-0,,,,,,,,,,,,,,,
109761.615876,197,1.0,0.40210272613104792,0.9008984696607234,109761.615876-0,,,,,,,,,,,,,,,
109761.631673,198,1.0,0.40330049965543857,0.90124038821390418,109761.631673-0,,,,,,,,,,,,,,,
109761.647707,198,1.0,0.40422496413074249,0.90065603545064654,109761.647707-0,,,,,,,,,,,,,,,
109761.663708,199,1.0,0.40462606641799681,0.90127421070087088,109761.663708-0,,,,,,,,,,,,,,,
109761.683895,199,1.0,0.40575041485452878,0.90151741573468502,109761.683895-0,,,,,,,,,,,,,,,
109761.699699,200,1.0,0.40662820592374871,0.90252697588698449,109761.699699-0,,,,,,,,,,,,,,,
109761.715686,200,1.0,0.40724559081758116,0.90219456907710427,109761.715686-0,,,,,,,,,,,,,,,
109761.731695,201,1.0,0.40910689581135351,0.90207037889506925,109761.731695-0,,,,,,,,,,,,,,,
109761.747909,201,1.0,0.40888543599076854,0.90261822221247368,109761.747909-0,,,,,,,,,,,,,,,
109761.767681,202,1.0,0.40928301791722532,0.902441544144164,109761.767681-0,,,,,,,,,,,,,,,
109761.783689,202,1.0,0.41033064192187574,0.90295234701673266,109761.783689-0,,,,,,,,,,,,,,,
109761.799702,203,1.0,0.41065536558085469,0.90290329237824185,109761.799702-0,,,,,,,,,,,,,,,
109761.815699,203,1.0,0.4117194248160807,0.90269223756735695,109761.815699-0,,,,,,,,,,,,,,,
109761.831743,204,1.0,0.41370538051375583,0.90373008556660839,109761.831743-0,,,,,,,,,,,,,,,
109761.851769,204,1.0,0.41494098802802171,0.90406621437568457,109761.851769-0,,,,,,,,,,,,,,,
109761.867713,205,1.0,0.41636427762069239,0.90486363473072728,109761.867713-0,,,,,,,,,,,,,,,
109761.883697,205,1.0,0.41912076729942171,0.90520698449912462,109761.883697-0,,,,,,,,,,,,,,,
109761.899733,206,1.0,0.4216252290959428,0.90526567951146752,109761.899733-0,,,,,,,,,,,,,,,
109761.915727,206,1.0,0.42504467344952701,0.90586854415980866,109761.915727-0,,,,,,,,,,,,,,,
109761.935679,207,1.0,0.42821036868321727,0.90539936047198655,109761.935679-0,,,,,,,,,,,,,,,
109761.951751,207,1.0,0.43072591788923553,0.90577424976654708,109761.951751-0,,,,,,,,,,,,,,,
109761.967673,208,1.0,0.43404778081063,0.90501575542979662,109761.967673-0,,,,,,,,,,,,,,,
109761.983735,208,1.0,0.43683893320329581,0.9049455481866806,109761.983735-0,,,,,,,,,,,,,,,
109761.999738,209,1.0,0.43950130916562991,0.90549567195343261,109761.999738-0,,,,,,,,,,,,,,,
109762.019834,209,1.0,0.44245922163796259,0.90584498243729161,109762.019834-0,,,,,,,,,,,,,,,
109762.035683,210,1.0,0.44558913890853979,0.90533033348356007,109762.035683-0,,,,,,,,,,,,,,,
109762.051957,210,1.0,0.45033804838128866,0.90448072214039321,109762.051957-0,,,,,,,,,,,,,,,
109762.067713,211,0.99,0.47024825345976673,0.90507548502699464,109762.067713-0,,,,,,,,,,,,,,,
109762.083734,211,1.0,0.47141401392606852,0.90442266478240896,109762.083734-0,,,,,,,,,,,,,,,
109762.103694,212,1.0,0.47472538230644723,0.90397370258782406,109762.103694-0,,,,,,,,,,,,,,,
109762.119879,212,1.0,0.47814758903871812,0.90390431503556101,109762.119879-0,,,,,,,,,,,,,,,
109762.135725,213,1.0,0.48188806861158895,0.90362776756479324,109762.135725-0,,,,,,,,,,,,,,,
109762.151735,213,1.0,0.48535064980962517,0.90226841449630424,109762.151735-0,,,,,,,,,,,,,,,
109762.167731,214,1.0,0.48946674199457441,0.90210644637912107,109762.167731-0,,,,,,,,,,,,,,,
109762.187735,214,1.0,0.49415716750616845,0.90150669132245564,109762.187735-0,,,,,,,,,,,,,,,
109762.203711,215,1.0,0.49902511660499727,0.90096468714360878,109762.203711-0,,,,,,,,,,,,,,,
109762.219762,215,1.0,0.50401621010205844,0.89954886584667904,109762.219762-0,,,,,,,,,,,,,,,
109762.235695,216,1.0,0.50769616256450156,0.89996241667479193,109762.235695-0,,,,,,,,,,,,,,,
109762.251734,216,1.0,0.51087043479076222,0.89999513563988476,109762.251734-0,,,,,,,,,,,,,,,
109762.271696,217,1.0,0.5150760433513959,0.89915340482629524,109762.271696-0,,,,,,,,,,,,,,,
109762.287718,217,1.0,0.51851499227771392,0.8994382304712385,109762.287718-0,,,,,,,,,,,,,,,
109762.303711,218,1.0,0.52273775509944009,0.89870117574408148,109762.303711-0,,,,,,,,,,,,,,,
109762.319704,218,0.99,0.50865152216471543,0.90466271799898923,109762.319704-0,,,,,,,,,,,,,,,
109762.335698,219,1.0,0.50665215123469487,0.90718193041349071,109762.335698-0,,,,,,,,,,,,,,,
109762.355726,219,1.0,0.50916317852808568,0.90753307084696466,109762.355726-0,,,,,,,,,,,,,,,
109762.371714,220,1.0,0.51261223515600918,0.90711083465758247,109762.371714-0,,,,,,,,,,,,,,,
109762.387911,220,1.0,0.51673777958127509,0.90673100722594757,109762.387911-0,,,,,,,,,,,,,,,
109762.403722,221,1.0,0.52003419730815104,0.90619385241499906,109762.403722-0,,,,,,,,,,,,,,,
109762.419714,221,1.0,0.5239123626611093,0.90493535542754433,109762.419714-0,,,,,,,,,,,,,,,
109762.439696,222,1.0,0.52752277349890342,0.9046216643960161,109762.439696-0,,,,,,,,,,,,,,,
109762.455743,222,1.0,0.53046947550277501,0.9036824220631301,109762.455743-0,,,,,,,,,,,,,,,
109762.471702,223,1.0,0.53362335702288455,0.90294533742483996,109762.471702-0,,,,,,,,,,,,,,,
109762.487704,223,1.0,0.53587953060488402,0.90171391904848885,109762.487704-0,,,,,,,,,,,,,,,
109762.50375,224,1.0,0.5382922640375174,0.90170099008944149,109762.50375-0,,,,,,,,,,,,,,,
109762.523739,224,1.0,0.54066752140743546,0.90031639191007251,109762.523739-0,,,,,,,,,,,,,,,
109762.539696,225,1.0,0.54285835875107757,0.89977680788520686,109762.539696-0,,,,,,,,,,,,,,,
109762.555732,225,1.0,0.54618553737203079,0.89925921008370402,109762.555732-0,,,,,,,,,,,,,,,
109762.571684,226,0.99,0.56406854218049496,0.89097894463783245,109762.571684-0,,,,,,,,,,,,,,,
109762.587761,226,1.0,0.56256650952022369,0.89215154810291697,109762.587761-0,,,,,,,,,,,,,,,
109762.607686,227,1.0,0.56456338888859392,0.89240439349776679,109762.607686-0,,,,,,,,,,,,,,,
109762.623727,227,1.0,0.56547404098775367,0.89268681007953354,109762.623727-0,,,,,,,,,,,,,,,
109762.639704,228,1.0,0.56651839657414982,0.89297906568776675,109762.639704-0,,,,,,,,,,,,,,,
109762.655933,228,1.0,0.56742654513958435,0.89325208631350606,109762.655933-0,,,,,,,,,,,,,,,
109762.671697,229,1.0,0.56770671334770384,0.8931679947984783,109762.671697-0,,,,,,,,,,,,,,,
109762.691717,229,1.0,0.56847266795673157,0.89356133569234242,109762.691717-0,,,,,,,,,,,,,,,
109762.707878,230,0.99,0.55660704953018048,0.89597176058630801,109762.707878-0,,,,,,,,,,,,,,,
109762.723684,230,0.99,0.54575730834611491,0.89764055540187027,109762.723684-0,,,,,,,,,,,,,,,
109762.739847,231,1.0,0.5463213638032105,0.89919283278422046,109762.739847-0,,,,,,,,,,,,,,,
109762.755703,231,1.0,0.5450580586411462,0.90032415970472979,109762.755703-0,,,,,,,,,,,,,,,
109762.775741,232,1.0,0.54541665613927037,0.90030553509118594,109762.775741-0,,,,,,,,,,,,,,,
109762.791684,232,1.0,0.54502983136736205,0.90097474903301578,109762.791684-0,,,,,,,,,,,,,,,
109762.807724,233,1.0,0.54502097593668175,0.90158428144631841,109762.807724-0,,,,,,,,,,,,,,,
109762.823714,233,1.0,0.54431838612441474,0.90212593409575437,109762.823714-0,,,,,,,,,,,,,,,
109762.839876,234,1.0,0.54381030417173726,0.90165550388001758,109762.839876-0,,,,,,,,,,,,,,,
109762.859768,234,1.0,0.54304660881448719,0.90136734362846838,109762.859768-0,,,,,,,,,,,,,,,
109762.875865,235,1.0,0.54240747343664353,0.90166726475356995,109762.875865-0,,,,,,,,,,,,,,,
109762.891694,235,1.0,0.54071805273694196,0.90224771951465232,109762.891694-0,,,,,,,,,,,,,,,
109762.907697,236,1.0,0.53987254139269147,0.90246651698755898,109762.907697-0,,,,,,,,,,,,,,,
109762.923738,236,1.0,0.53862157492415541,0.90281585057779701,109762.923738-0,,,,,,,,,,,,,,,
109762.943867,237,1.0,0.53744761845027078,0.90300742540150658,109762.943867-0,,,,,,,,,,,,,,,
109762.959714,237,1.0,0.53596445864362252,0.90305716969815197,109762.959714-0,,,,,,,,,,,,,,,
109762.975867,238,1.0,0.53495942329089274,0.90307510643517919,109762.975867-0,,,,,,,,,,,,,,,
109762.991698,238,1.0,0.53417272137937921,0.90314559361256475,109762.991698-0,,,,,,,,,,,,,,,
109763.007724,239,1.0,0.53410305377285994,0.90274588598241401,109763.007724-0,,,,,,,,,,,,,,,
109763.027763,239,1.0,0.53312635973565392,0.90320138710659048,109763.027763-0,,,,,,,,,,,,,,,
109763.043863,240,1.0,0.53157507704900198,0.90320977935679991,109763.043863-0,,,,,,,,,,,,,,,
109763.059693,240,1.0,0.53137309598621663,0.90360215781603603,109763.059693-0,,,,,,,,,,,,,,,
109763.075866,241,1.0,0.53059070176739986,0.90364317878882172,109763.075866-0,,,,,,,,,,,,,,,
109763.09171,241,1.0,0.53013484721323678,0.90343157324250178,109763.09171-0,,,,,,,,,,,,,,,
109763.11168,242,1.0,0.52946394274445119,0.90376085580073173,109763.11168-0,,,,,,,,,,,,,,,
109763.127761,242,1.0,0.52883387300257922,0.903482662162018,109763.127761-0,,,,,,,,,,,,,,,
109763.143867,243,1.0,0.52846836234371075,0.90379496074720755,109763.143867-0,,,,,,,,,,,,,,,
109763.159718,243,1.0,0.5278454858938133,0.90375260482371456,109763.159718-0,,,,,,,,,,,,,,,
109763.175873,244,1.0,0.52739129111398597,0.90343999279210063,109763.175873-0,,,,,,,,,,,,,,,
109763.196245,244,1.0,0.52743755011308657,0.90350743974239034,109763.196245-0,,,,,,,,,,,,,,,
109763.211726,245,1.0,0.52721832766397547,0.90305166611979892,109763.211726-0,,,,,,,,,,,,,,,
109763.227682,245,1.0,0.52600298562159331,0.90337042516968236,109763.227682-0,,,,,,,,,,,,,,,
109763.243868,246,1.0,0.52543461316967388,0.90384125820003991,109763.243868-0,,,,,,,,,,,,,,,
109763.259699,246,1.0,0.52504857942256145,0.90387037276447213,109763.259699-0,,,,,,,,,,,,,,,
109763.279866,247,1.0,0.52472404751192947,0.90500744777617026,109763.279866-0,,,,,,,,,,,,,,,
109763.295764,247,1.0,0.52942024828670675,0.9036791001574338,109763.295764-0,,,,,,,,,,,,,,,
109763.311697,248,0.7475549375690561,0.64348655448544712,0.89921421252540323,109763.311697-0,,,,,,,,,,,,,,,
109763.328187,248,0.99,0.66969808934692843,0.85629430936707873,109763.328187-0,,,,,,,,,,,,,,,
109763.343794,249,0.99,0.68690785892519557,0.84520362847739605,109763.343794-0,,,,,,,,,,,,,,,
109763.364012,249,1.0,0.68730776832595986,0.84641698720922864,109763.364012-0,,,,,,,,,,,,,,,
109763.379861,250,1.0,0.68847534253466058,0.84986369909394988,109763.379861-0,,,,,,,,,,,,,,,
109763.396146,250,1.0,0.68957965965366164,0.85209272270387793,109763.396146-0,,,,,,,,,,,,,,,
109763.411708,251,1.0,0.6908956343642636,0.85419806176804602,109763.411708-0,,,,,,,,,,,,,,,
109763.427702,251,1.0,0.69194382585720504,0.85562502646754712,109763.427702-0,,,,,,,,,,,,,,,
109763.447864,252,1.0,0.69305490223934108,0.85720910581429077,109763.447864-0,,,,,,,,,,,,,,,
109763.463764,252,1.0,0.69424094442813988,0.85879882224363513,109763.463764-0,,,,,,,,,,,,,,,
109763.479848,253,1.0,0.69536755661853711,0.86059484646287743,109763.479848-0,,,,,,,,,,,,,,,
109763.49571,253,1.0,0.69560143283769804,0.86205663442028868,109763.49571-0,,,,,,,,,,,,,,,
109763.511713,254,1.0,0.6961293067722405,0.8631658703376317,109763.511713-0,,,,,,,,,,,,,,,
109763.532115,254,1.0,0.69624888144303654,0.86414019732780201,109763.532115-0,,,,,,,,,,,,,,,
109763.547862,255,1.0,0.69424190263347008,0.86500867373718293,109763.547862-0,,,,,,,,,,,,,,,
109763.56376,255,0.8363925912577279,0.68314938562969196,0.87528507155073232,109763.56376-0,,,,,,,,,,,,,,,
109763.579867,256,0.901502284391765,0.6860351531931741,0.87773716646961564,109763.579867-0,,,,,,,,,,,,,,,
109763.5957,256,0.9113878801634115,0.68220403530937723,0.8771352124677545,109763.5957-0,,,,,,,,,,,,,,,
109763.615685,257,0.9160837754186687,0.67598094620114857,0.87416750055512082,109763.615685-0,,,,,,,,,,,,,,,
109763.632044,257,1.0,0.67292038964204259,0.87301410437979499,109763.632044-0,,,,,,,,,,,,,,,
109763.647833,258,1.0,0.67144675078755078,0.87260441008090694,109763.647833-0,,,,,,,,,,,,,,,
109763.663765,258,1.0,0.67164876513080252,0.87342304119672054,109763.663765-0,,,,,,,,,,,,,,,
109763.679878,259,1.0,0.67194697012593174,0.87355372294786182,109763.679878-0,,,,,,,,,,,,,,,
109763.699763,259,1.0,0.67209787278558153,0.87386620594145459,109763.699763-0,,,,,,,,,,,,,,,
109763.715697,260,1.0,0.6720321606426598,0.87419915876659271,109763.715697-0,,,,,,,,,,,,,,,
109763.731763,260,1.0,0.67264545306818135,0.87515813280412136,109763.731763-0,,,,,,,,,,,,,,,
109763.747867,261,1.0,0.67223195332898555,0.87588080620852615,109763.747867-0,,,,,,,,,,,,,,,
109763.763728,261,1.0,0.67300433258312076,0.87652737511608425,109763.763728-0,,,,,,,,,,,,,,,
109763.783863,262,1.0,0.67412409578970944,0.87727756004099433,109763.783863-0,,,,,,,,,,,,,,,
109763.799749,262,1.0,0.67476857816564717,0.87881782084539495,109763.799749-0,,,,,,,,,,,,,,,
109763.815698,263,1.0,0.67575179886325465,0.87929806364658081,109763.815698-0,,,,,,,,,,,,,,,
109763.832088,263,1.0,0.6768732007787488,0.88090056792827109,109763.832088-0,,,,,,,,,,,,,,,
109763.847877,264,1.0,0.67758131931916665,0.88276261606736028,109763.847877-0,,,,,,,,,,,,,,,
109763.86775,264,1.0,0.67926119533839824,0.88440164155086443,109763.86775-0,,,,,,,,,,,,,,,
109763.883862,265,0.99,0.69070935057278149,0.91319605214725819,109763.883862-0,,,,,,,,,,,,,,,
109763.899758,265,0.99,0.69839718624417735,0.92966512872817919,109763.899758-0,,,,,,,,,,,,,,,
109763.915726,266,1.0,0.69896366480959848,0.93121833800272302,109763.915726-0,,,,,,,,,,,,,,,
109763.932212,266,1.0,0.7003905242286077,0.9334291036462421,109763.932212-0,,,,,,,,,,,,,,,
109763.951865,267,1.0,0.70117246775151187,0.93527961207348476,109763.951865-0,,,,,,,,,,,,,,,
109763.968015,267,1.0,0.70266157860819511,0.9375119509624712,109763.968015-0,,,,,,,,,,,,,,,
109763.983865,268,0.99,0.73469449853526392,0.94088798932966622,109763.983865-0,,,,,,,,,,,,,,,
109764.000026,268,0.99,0.73357071412575259,0.94674889643493021,109764.000026-0,,,,,,,,,,,,,,,
109764.015758,269,1.0,0.73443524401838545,0.9472390337162695,109764.015758-0,,,,,,,,,,,,,,,
109764.036058,269,1.0,0.73453166231845124,0.94817683983592804,109764.036058-0,,,,,,,,,,,,,,,
109764.051882,270,1.0,0.7338777052889558,0.94859982088708872,109764.051882-0,,,,,,,,,,,,,,,
109764.067766,270,1.0,0.7322087005181519,0.94914801765330203,109764.067766-0,,,,,,,,,,,,,,,
109764.083823,271,1.0,0.73033464795368808,0.94971444582596387,109764.083823-0,,,,,,,,,,,,,,,
109764.100146,271,1.0,0.72922962789544243,0.95028469862296738,109764.100146-0,,,,,,,,,,,,,,,
109764.11968,272,1.0,0.7272286200128768,0.95074794431701992,109764.11968-0,,,,,,,,,,,,,,,
109764.136017,272,1.0,0.72644280888352419,0.95077185526202435,109764.136017-0,,,,,,,,,,,,,,,
109764.151819,273,1.0,0.72524818762090426,0.95114960009074512,109764.151819-0,,,,,,,,,,,,,,,
109764.16814,273,1.0,0.72349427695591118,0.9516589904628816,109764.16814-0,,,,,,,,,,,,,,,
109764.18383,274,1.0,0.72239293848725694,0.95201249150503919,109764.18383-0,,,,,,,,,,,,,,,
109764.203756,274,1.0,0.72190351535701147,0.95195953108956033,109764.203756-0,,,,,,,,,,,,,,,
109764.219706,275,1.0,0.72238936889615246,0.95195737728461172,109764.219706-0,,,,,,,,,,,,,,,
109764.235758,275,1.0,0.71995733020529684,0.95216351165844326,109764.235758-0,,,,,,,,,,,,,,,
109764.251866,276,1.0,0.72036433219231277,0.95178924101898232,109764.251866-0,,,,,,,,,,,,,,,
109764.267775,276,1.0,0.71985571744596655,0.95165667716846603,109764.267775-0,,,,,,,,,,,,,,,
109764.28785,277,1.0,0.71844764013724749,0.95160223280884182,109764.28785-0,,,,,,,,,,,,,,,
109764.304112,277,1.0,0.71729934357970215,0.95094729430908131,109764.304112-0,,,,,,,,,,,,,,,
109764.319716,278,1.0,0.71573541947949515,0.95001735015316768,109764.319716-0,,,,,,,,,,,,,,,
109764.336041,278,1.0,0.71497668613419485,0.9498395496232126,109764.336041-0,,,,,,,,,,,,,,,
109764.351874,279,1.0,0.71299099868386051,0.94951053534197971,109764.351874-0,,,,,,,,,,,,,,,
109764.371864,279,1.0,0.71218244843807632,0.94923592974526816,109764.371864-0,,,,,,,,,,,,,,,
109764.387864,280,1.0,0.7120449297227136,0.94851365415912259,109764.387864-0,,,,,,,,,,,,,,,
109764.403757,280,1.0,0.70966510437597208,0.94775653549433603,109764.403757-0,,,,,,,,,,,,,,,
109764.419695,281,1.0,0.70911591157862119,0.94640900464389599,109764.419695-0,,,,,,,,,,,,,,,
109764.435959,281,0.99,0.69603064987938446,0.94005489817835031,109764.435959-0,,,,,,,,,,,,,,,
109764.455819,282,0.99,0.65926150060099076,0.9183169421181292,109764.455819-0,,,,,,,,,,,,,,,
109764.471741,282,0.99,0.64453352659382723,0.89448130427076045,109764.471741-0,,,,,,,,,,,,,,,
109764.487819,283,0.99,0.64305360141569068,0.87443117617099553,109764.487819-0,,,,,,,,,,,,,,,
109764.504059,283,1.0,0.64272113856387492,0.87105916507744841,109764.504059-0,,,,,,,,,,,,,,,
109764.519746,284,1.0,0.64252240929129378,0.8687716910153469,109764.519746-0,,,,,,,,,,,,,,,
109764.53974,284,1.0,0.64223414497713271,0.86587623698589677,109764.53974-0,,,,,,,,,,,,,,,
109764.555867,285,1.0,0.64229946532573479,0.86369810879830133,109764.555867-0,,,,,,,,,,,,,,,
109764.571784,285,1.0,0.64225183221845583,0.86197692311595464,109764.571784-0,,,,,,,,,,,,,,,
109764.587871,286,1.0,0.64189417817899574,0.85995391738417126,109764.587871-0,,,,,,,,,,,,,,,
109764.603768,286,1.0,0.64101669912618142,0.8580230401792015,109764.603768-0,,,,,,,,,,,,,,,
109764.623693,287,1.0,0.64082158916450815,0.85570080253318714,109764.623693-0,,,,,,,,,,,,,,,
109764.639822,287,1.0,0.64072349560308872,0.85278851004028322,109764.639822-0,,,,,,,,,,,,,,,
109764.655752,288,1.0,0.64007118054996859,0.85110549014839876,109764.655752-0,,,,,,,,,,,,,,,
109764.672157,288,1.0,0.63919002393374669,0.8487895977519786,109764.672157-0,,,,,,,,,,,,,,,
109764.687872,289,1.0,0.63826264590365689,0.8467679535033108,109764.687872-0,,,,,,,,,,,,,,,
109764.707848,289,1.0,0.63730968692645895,0.84418754477409852,109764.707848-0,,,,,,,,,,,,,,,
109764.723696,290,1.0,0.63683468557221268,0.84244758180344714,109764.723696-0,,,,,,,,,,,,,,,
109764.740126,290,1.0,0.63623294177475032,0.84149799317786567,109764.740126-0,,,,,,,,,,,,,,,
109764.755896,291,1.0,0.63585881494291563,0.84019770845931241,109764.755896-0,,,,,,,,,,,,,,,
109764.771916,291,1.0,0.63533003486780082,0.84001472489376194,109764.771916-0,,,,,,,,,,,,,,,
109764.791864,292,1.0,0.63538515348063562,0.84022824244497052,109764.791864-0,,,,,,,,,,,,,,,
109764.807912,292,1.0,0.63520608101839393,0.84047463896490626,109764.807912-0,,,,,,,,,,,,,,,
109764.823683,293,1.0,0.63565802030902319,0.84095652633385143,109764.823683-0,,,,,,,,,,,,,,,
109764.839972,293,1.0,0.63592653690860423,0.84161493333414317,109764.839972-0,,,,,,,,,,,,,,,
109764.855826,294,1.0,0.6359997638201218,0.84276100778012886,109764.855826-0,,,,,,,,,,,,,,,
109764.875823,294,1.0,0.63617758280916981,0.84318243637099854,109764.875823-0,,,,,,,,,,,,,,,
109764.891863,295,0.99,0.65039531038761389,0.85323025084731796,109764.891863-0,,,,,,,,,,,,,,,
109764.90787,295,0.99,0.65055523005047,0.86566843688561601,109764.90787-0,,,,,,,,,,,,,,,
109764.923716,296,1.0,0.64838088970617314,0.86536383179180643,109764.923716-0,,,,,,,,,,,,,,,
109764.93979,296,1.0,0.64792838785158402,0.8658501953386839,109764.93979-0,,,,,,,,,,,,,,,
109764.959866,297,1.0,0.64835563233354598,0.86532521696327258,109764.959866-0,,,,,,,,,,,,,,,
109764.975863,297,1.0,0.64809096659431731,0.86437501720843013,109764.975863-0,,,,,,,,,,,,,,,
109764.991865,298,1.0,0.64777221911116811,0.8635575381689593,109764.991865-0,,,,,,,,,,,,,,,
109765.007754,298,1.0,0.64763939971372686,0.86333778586542564,109765.007754-0,,,,,,,,,,,,,,,
109765.02373,299,1.0,0.64753240232017539,0.86320483388630809,109765.02373-0,,,,,,,,,,,,,,,
109765.043804,299,1.0,0.64755637416996414,0.86173081139028529,109765.043804-0,,,,,,,,,,,,,,,
109765.059862,300,1.0,0.6475985483687019,0.86060896182060631,109765.059862-0,,,,,,,,,,,,,,,
109765.075866,300,1.0,0.64761091037855145,0.85958303544595616,109765.075866-0,,,,,,,,,,,,,,,
109765.091821,301,1.0,0.6473640158836993,0.85738054561903176,109765.091821-0,,,,,,,,,,,,,,,
109765.108187,301,1.0,0.64675113976005072,0.85492320170046376,109765.108187-0,,,,,,,,,,,,,,,
109765.127683,302,1.0,0.64575434533395537,0.85337762407575912,109765.127683-0,,,,,,,,,,,,,,,
109765.143769,302,0.9205667292564897,0.63603976732628276,0.82577779773603766,109765.143769-0,,,,,,,,,,,,,,,
109765.159866,303,0.99,0.62562714035453304,0.75381886463696368,109765.159866-0,,,,,,,,,,,,,,,
109765.177809,303,0.99,0.62980161971292503,0.72168690287337967,109765.177809-0,,,,,,,,,,,,,,,
109765.191874,304,1.0,0.63121922807437691,0.71907143384796424,109765.191874-0,,,,,,,,,,,,,,,
109765.211867,304,1.0,0.63156934167277612,0.71759160394538846,109765.211867-0,,,,,,,,,,,,,,,
109765.227699,305,1.0,0.63197615658072515,0.71609137211406271,109765.227699-0,,,,,,,,,,,,,,,
109765.243686,305,1.0,0.63223203759124047,0.7140523709647324,109765.243686-0,,,,,,,,,,,,,,,
109765.259742,306,1.0,0.63247370012124726,0.71322112734226284,109765.259742-0,,,,,,,,,,,,,,,
109765.276132,306,1.0,0.63258782390021118,0.71238465039529952,109765.276132-0,,,,,,,,,,,,,,,
109765.295797,307,1.0,0.63243998857043948,0.71260207073794213,109765.295797-0,,,,,,,,,,,,,,,
109765.311865,307,0.99,0.64265555848871436,0.67936763235039432,109765.311865-0,,,,,,,,,,,,,,,
109765.32769,308,0.99,0.66536605961861461,0.61686166611271354,109765.32769-0,,,,,,,,,,,,,,,
109765.343739,308,0.99,0.6728546137599114,0.61457485959266034,109765.343739-0,,,,,,,,,,,,,,,
109765.359826,309,1.0,0.67205468741263452,0.61485878746145861,109765.359826-0,,,,,,,,,,,,,,,
109765.379861,309,1.0,0.67243565116168291,0.61420959219937732,109765.379861-0,,,,,,,,,,,,,,,
109765.3958,310,1.0,0.67263430241427535,0.61407461265622221,109765.3958-0,,,,,,,,,,,,,,,
109765.411818,310,1.0,0.67320247570184044,0.61378963027902156,109765.411818-0,,,,,,,,,,,,,,,
109765.427695,311,1.0,0.6736722731974556,0.61311422595824805,109765.427695-0,,,,,,,,,,,,,,,
109765.443699,311,1.0,0.67384730497573564,0.61280087818869067,109765.443699-0,,,,,,,,,,,,,,,
109765.463847,312,1.0,0.67435018060741747,0.61242450846480256,109765.463847-0,,,,,,,,,,,,,,,
109765.479909,312,1.0,0.67543034061204033,0.61330702613124366,109765.479909-0,,,,,,,,,,,,,,,
109765.495801,313,0.99,0.67610394546144548,0.65688480726320098,109765.495801-0,,,,,,,,,,,,,,,
109765.511987,313,1.0,0.67461826401197023,0.66378355301897862,109765.511987-0,,,,,,,,,,,,,,,
109765.527737,314,1.0,0.67442966865778153,0.66444079725401473,109765.527737-0,,,,,,,,,,,,,,,
109765.54769,314,1.0,0.67408447305012764,0.66637004499140051,109765.54769-0,,,,,,,,,,,,,,,
109765.563863,315,1.0,0.67382625876103397,0.6677130425576312,109765.563863-0,,,,,,,,,,,,,,,
109765.579823,315,1.0,0.6735013667923031,0.66933743372599164,109765.579823-0,,,,,,,,,,,,,,,
109765.595939,316,1.0,0.67319743130706833,0.67042233313781185,109765.595939-0,,,,,,,,,,,,,,,
109765.611876,316,1.0,0.67253636290910634,0.67378562406171305,109765.611876-0,,,,,,,,,,,,,,,
109765.631694,317,1.0,0.67207191976281955,0.67617502016928466,109765.631694-0,,,,,,,,,,,,,,,
109765.647692,317,1.0,0.67146110630315903,0.67969265052281447,109765.647692-0,,,,,,,,,,,,,,,
109765.663867,318,1.0,0.6707675624947651,0.68380246771620534,109765.663867-0,,,,,,,,,,,,,,,
109765.679877,318,1.0,0.67025891305697449,0.68702540866569173,109765.679877-0,,,,,,,,,,,,,,,
109765.695877,319,1.0,0.66963382282299655,0.69168708157004133,109765.695877-0,,,,,,,,,,,,,,,
109765.715819,319,1.0,0.66913046727805003,0.69494925644541894,109765.715819-0,,,,,,,,,,,,,,,
109765.731705,320,1.0,0.66867548035043889,0.69878186545060661,109765.731705-0,,,,,,,,,,,,,,,
109765.747714,320,1.0,0.66809479701616858,0.70418601462918851,109765.747714-0,,,,,,,,,,,,,,,
109765.763822,321,1.0,0.66756776566820797,0.70879955979383791,109765.763822-0,,,,,,,,,,,,,,,
109765.779875,321,1.0,0.6670926912378885,0.7143248840988301,109765.779875-0,,,,,,,,,,,,,,,
109765.799862,322,1.0,0.6666524454376539,0.71886174326798624,109765.799862-0,,,,,,,,,,,,,,,
109765.816014,322,0.99,0.655507812858108,0.74256480500143596,109765.816014-0,,,,,,,,,,,,,,,
109765.831737,323,0.8661202686800299,0.65285181687146121,0.78006441250070946,109765.831737-0,,,,,,,,,,,,,,,
109765.847684,323,0.844261731608601,0.65138382287431718,0.78079323957474589,109765.847684-0,,,,,,,,,,,,,,,
109765.863753,324,0.8613319947803982,0.64728097276669772,0.7780017236118999,109765.863753-0,,,,,,,,,,,,,,,
109765.883863,325,1.0,0.64567281100558738,0.77610606756751643,109765.883863-0,,,,,,,,,,,,,,,
109765.899844,325,1.0,0.64358550580852203,0.77429657718021438,109765.899844-0,,,,,,,,,,,,,,,
109765.915867,325,1.0,0.64257151432301463,0.77547811878394768,109765.915867-0,,,,,,,,,,,,,,,
109765.93168,326,1.0,0.6411015996372349,0.77688789255266766,109765.93168-0,,,,,,,,,,,,,,,
109765.947714,326,1.0,0.63984838019736934,0.77758897821379147,109765.947714-0,,,,,,,,,,,,,,,
109765.967745,327,0.99,0.62079553431517809,0.7509770653078105,109765.967745-0,,,,,,,,,,,,,,,
109765.98407,327,0.8182987548448545,0.58156945041869079,0.66382620453321639,109765.98407-0,,,,,,,,,,,,,,,
109765.999821,328,0.99,0.52613342829964971,0.66626531363062913,109765.999821-0,,,,,,,,,,,,,,,
109766.015827,328,0.0,1.9845419298578566,-0.58344856517527521,109766.015827-0,,,,,,,,,,,,,,,
109766.031705,329,0.7524109623769674,0.45898904787606476,0.86519973757017965,109766.031705-0,,,,,,,,,,,,,,,
109766.051685,329,0.88720985667121,0.45664394165352995,0.98760031080668487,109766.051685-0,,,,,,,,,,,,,,,
109766.067864,330,0.99,0.43866188982617871,1.0011351374145425,109766.067864-0,,,,,,,,,,,,,,,
109766.083764,330,0.99,0.45292421030793051,0.98141994333030702,109766.083764-0,,,,,,,,,,,,,,,
109766.099866,331,1.0,0.45059676917057878,0.98135871836386812,109766.099866-0,,,,,,,,,,,,,,,
109766.115874,331,1.0,0.44925423295614308,0.98131981324067308,109766.115874-0,,,,,,,,,,,,,,,
109766.135698,332,0.9806798742933528,0.45654130378222035,0.96661892162250407,109766.135698-0,,,,,,,,,,,,,,,
109766.15168,332,0.9025091840082403,0.49928039495227239,0.91234286214648019,109766.15168-0,,,,,,,,,,,,,,,
109766.167821,333,0.99,0.48925744349920919,0.90143517427721154,109766.167821-0,,,,,,,,,,,,,,,
109766.183869,333,1.0,0.48841553438790086,0.903287003333757,109766.183869-0,,,,,,,,,,,,,,,
109766.199814,334,1.0,0.48947762407304296,0.9048010769486412,109766.199814-0,,,,,,,,,,,,,,,
109766.219864,335,1.0,0.49071978711628716,0.90509790040323068,109766.219864-0,,,,,,,,,,,,,,,
109766.235697,335,1.0,0.49162787200921798,0.90487359602582451,109766.235697-0,,,,,,,,,,,,,,,
109766.251689,335,1.0,0.49251810332110679,0.90422668299041131,109766.251689-0,,,,,,,,,,,,,,,
109766.267869,336,1.0,0.49330599949932541,0.90475960181840254,109766.267869-0,,,,,,,,,,,,,,,
109766.283873,336,1.0,0.49365839048401483,0.90464181376094999,109766.283873-0,,,,,,,,,,,,,,,
109766.303731,337,1.0,0.49472723141211894,0.90424399485049545,109766.303731-0,,,,,,,,,,,,,,,
109766.319863,338,1.0,0.49418896293002135,0.90468392827919875,109766.319863-0,,,,,,,,,,,,,,,
109766.33571,338,1.0,0.49482259951101426,0.90451530313071249,109766.33571-0,,,,,,,,,,,,,,,
109766.351707,338,1.0,0.49546680991896785,0.90500625974765292,109766.351707-0,,,,,,,,,,,,,,,
109766.367874,339,0.99,0.51328990295833776,0.88987183032245198,109766.367874-0,,,,,,,,,,,,,,,
109766.387803,340,1.0,0.51460567066850871,0.88799639775985906,109766.387803-0,,,,,,,,,,,,,,,
109766.403735,340,1.0,0.51474936851779418,0.88832710761343137,109766.403735-0,,,,,,,,,,,,,,,
109766.419868,341,1.0,0.51511535708940848,0.8885026235606146,109766.419868-0,,,,,,,,,,,,,,,
109766.435688,341,1.0,0.51470980857553172,0.88866033494216534,109766.435688-0,,,,,,,,,,,,,,,
109766.451694,341,1.0,0.51444298587627202,0.88903155181998539,109766.451694-0,,,,,,,,,,,,,,,
109766.471723,342,1.0,0.51501621943382858,0.8882274179065579,109766.471723-0,,,,,,,,,,,,,,,
109766.48782,343,1.0,0.51533121426810347,0.88897103710555658,109766.48782-0,,,,,,,,,,,,,,,
109766.503865,343,1.0,0.51473165170414781,0.88910361246308955,109766.503865-0,,,,,,,,,,,,,,,
109766.519867,343,1.0,0.5147286341834878,0.88878315885457138,109766.519867-0,,,,,,,,,,,,,,,
109766.535707,344,1.0,0.5147753913652906,0.88984575195910498,109766.535707-0,,,,,,,,,,,,,,,
109766.5557,345,1.0,0.51507895795431224,0.88966556134551134,109766.5557-0,,,,,,,,,,,,,,,
109766.571738,345,1.0,0.51502620678455102,0.89006283383200024,109766.571738-0,,,,,,,,,,,,,,,
109766.587821,346,1.0,0.51479109486625418,0.89020194526742902,109766.587821-0,,,,,,,,,,,,,,,
109766.603873,346,1.0,0.51458550933058511,0.89113590269566956,109766.603873-0,,,,,,,,,,,,,,,
109766.619829,346,1.0,0.51465462645844617,0.89136162549350484,109766.619829-0,,,,,,,,,,,,,,,
109766.639712,347,1.0,0.51524977999608446,0.8915767747149701,109766.639712-0,,,,,,,,,,,,,,,
109766.655685,348,1.0,0.5150154274147507,0.89149571689898366,109766.655685-0,,,,,,,,,,,,,,,
109766.671735,348,1.0,0.51517071982542717,0.89196004984373456,109766.671735-0,,,,,,,,,,,,,,,
109766.687748,348,1.0,0.51521839607735664,0.89192003065471948,109766.687748-0,,,,,,,,,,,,,,,
109766.703827,349,1.0,0.51563148027738492,0.89203993865306153,109766.703827-0,,,,,,,,,,,,,,,
109766.723823,350,1.0,0.5176255107947263,0.89195300750117656,109766.723823-0,,,,,,,,,,,,,,,
109766.739706,350,0.99,0.53400242639144935,0.88965987352107856,109766.739706-0,,,,,,,,,,,,,,,
109766.755704,350,1.0,0.53151442778978364,0.89035169717032137,109766.755704-0,,,,,,,,,,,,,,,
109766.771702,351,1.0,0.53061929627602744,0.89086624363309497,109766.771702-0,,,,,,,,,,,,,,,
109766.787786,351,1.0,0.53029014652683948,0.89156298691166747,109766.787786-0,,,,,,,,,,,,,,,
109766.807733,352,1.0,0.53006144054441329,0.89172459358742895,109766.807733-0,,,,,,,,,,,,,,,
109766.823823,353,1.0,0.53005167700269418,0.89182956814308945,109766.823823-0,,,,,,,,,,,,,,,
109766.839698,353,1.0,0.52973489754486991,0.89216241659587148,109766.839698-0,,,,,,,,,,,,,,,
109766.855734,353,1.0,0.52956857843718552,0.8926049377669667,109766.855734-0,,,,,,,,,,,,,,,
109766.871872,354,1.0,0.52918281978889148,0.89232144062069008,109766.871872-0,,,,,,,,,,,,,,,
109766.891804,355,1.0,0.52934444058608143,0.89261315484536485,109766.891804-0,,,,,,,,,,,,,,,
109766.907721,355,1.0,0.52942090631163552,0.89289754370789431,109766.907721-0,,,,,,,,,,,,,,,
109766.923866,356,1.0,0.52884613023207372,0.89306381661783885,109766.923866-0,,,,,,,,,,,,,,,
109766.939763,356,1.0,0.52929356722476584,0.89343449579311063,109766.939763-0,,,,,,,,,,,,,,,
109766.955696,356,1.0,0.52886073491290908,0.89340416839931436,109766.955696-0,,,,,,,,,,,,,,,
109766.975722,357,1.0,0.52840146619842976,0.89316476549533963,109766.975722-0,,,,,,,,,,,,,,,
109766.991864,358,1.0,0.52871712660042292,0.89347134699892905,109766.991864-0,,,,,,,,,,,,,,,
109767.007725,358,1.0,0.52844642212232529,0.89380687627170108,109767.007725-0,,,,,,,,,,,,,,,
109767.023936,359,1.0,0.52780297341560889,0.8944411369963845,109767.023936-0,,,,,,,,,,,,,,,
109767.039723,359,1.0,0.52757516166172458,0.89494787297194733,109767.039723-0,,,,,,,,,,,,,,,
109767.059687,360,1.0,0.52767741794685818,0.89512074080122517,109767.059687-0,,,,,,,,,,,,,,,
109767.075718,360,1.0,0.52732414838605202,0.89518456302987381,109767.075718-0,,,,,,,,,,,,,,,
109767.091825,361,1.0,0.52786856377852942,0.89625926960481817,109767.091825-0,,,,,,,,,,,,,,,
109767.107719,361,1.0,0.5276757851351217,0.8961358938599755,109767.107719-0,,,,,,,,,,,,,,,
109767.123872,362,1.0,0.52801204777603417,0.89644550016895952,109767.123872-0,,,,,,,,,,,,,,,
109767.143778,362,1.0,0.52805588493642119,0.89701642215310784,109767.143778-0,,,,,,,,,,,,,,,
109767.159683,363,1.0,0.52814394251388208,0.89711548595108059,109767.159683-0,,,,,,,,,,,,,,,
109767.175721,363,1.0,0.52864130128426368,0.89802917721432074,109767.175721-0,,,,,,,,,,,,,,,
109767.19187,363,1.0,0.52885233381165087,0.89791753274454322,109767.19187-0,,,,,,,,,,,,,,,
109767.207873,364,1.0,0.5299246347259956,0.89787834496626306,109767.207873-0,,,,,,,,,,,,,,,
109767.227804,365,0.9479647218629192,0.57026403380504576,0.88230559177039769,109767.227804-0,,,,,,,,,,,,,,,
109767.243703,365,0.99,0.63756817793436404,0.84566563410256812,109767.243703-0,,,,,,,,,,,,,,,
109767.259696,366,0.99,0.64765626733241,0.83889859499019792,109767.259696-0,,,,,,,,,,,,,,,
109767.275735,366,1.0,0.64888581575670123,0.84175500879980003,109767.275735-0,,,,,,,,,,,,,,,
109767.291796,366,1.0,0.64915480570513573,0.84455086449132999,109767.291796-0,,,,,,,,,,,,,,,
109767.311729,367,1.0,0.64939695549258936,0.84656085235080436,109767.311729-0,,,,,,,,,,,,,,,
109767.327866,368,1.0,0.64975192011620386,0.84851928275685928,109767.327866-0,,,,,,,,,,,,,,,
109767.343685,368,1.0,0.64992156579887528,0.84966578607868382,109767.343685-0,,,,,,,,,,,,,,,
109767.359681,369,1.0,0.64970304590009675,0.85029894786542748,109767.359681-0,,,,,,,,,,,,,,,
109767.375736,369,1.0,0.65035933790298905,0.85136885378007676,109767.375736-0,,,,,,,,,,,,,,,
109767.395743,370,1.0,0.65091340769079586,0.85195978206340861,109767.395743-0,,,,,,,,,,,,,,,
109767.411732,370,1.0,0.65161547355999438,0.85251637643070843,109767.411732-0,,,,,,,,,,,,,,,
109767.42782,371,1.0,0.6518414677306037,0.85298188972164457,109767.42782-0,,,,,,,,,,,,,,,
109767.443705,371,1.0,0.65236107836991586,0.85259947962950022,109767.443705-0,,,,,,,,,,,,,,,
109767.459687,371,1.0,0.65236534779679722,0.8520869671611786,109767.459687-0,,,,,,,,,,,,,,,
109767.479722,372,1.0,0.65234075264107538,0.85181129959319968,109767.479722-0,,,,,,,,,,,,,,,
109767.495839,373,1.0,0.65211854607944275,0.85137532467393928,109767.495839-0,,,,,,,,,,,,,,,
109767.511712,373,1.0,0.65188947157011867,0.85066710306435223,109767.511712-0,,,,,,,,,,,,,,,
109767.527825,374,1.0,0.65166458952508144,0.8500259078366712,109767.527825-0,,,,,,,,,,,,,,,
109767.5437,374,1.0,0.65131568258774308,0.84984502702267939,109767.5437-0,,,,,,,,,,,,,,,
109767.563674,375,1.0,0.65100674064948727,0.84956724540900197,109767.563674-0,,,,,,,,,,,,,,,
109767.579729,375,1.0,0.65115908911627685,0.84935395224387644,109767.579729-0,,,,,,,,,,,,,,,
109767.595864,376,1.0,0.65124103859238147,0.8494751268151175,109767.595864-0,,,,,,,,,,,,,,,
109767.611735,376,1.0,0.65102202122907649,0.85008393257100678,109767.611735-0,,,,,,,,,,,,,,,
109767.627916,377,1.0,0.65085409148328743,0.84991444593279564,109767.627916-0,,,,,,,,,,,,,,,
109767.647716,377,1.0,0.65072294849392875,0.85068273189668719,109767.647716-0,,,,,,,,,,,,,,,
109767.663695,378,1.0,0.65083616051829729,0.85152923868603292,109767.663695-0,,,,,,,,,,,,,,,
109767.679776,378,1.0,0.65006984111637323,0.85201114845405801,109767.679776-0,,,,,,,,,,,,,,,
109767.695864,379,1.0,0.64967899865497181,0.85293940266960799,109767.695864-0,,,,,,,,,,,,,,,
109767.711742,379,1.0,0.64932576513020379,0.85353849611606414,109767.711742-0,,,,,,,,,,,,,,,
109767.731862,380,1.0,0.64873257701139231,0.85391239701923549,109767.731862-0,,,,,,,,,,,,,,,
109767.747711,380,1.0,0.64745035065330647,0.85491462498924786,109767.747711-0,,,,,,,,,,,,,,,
109767.76368,381,0.9489370004265825,0.62326310038904964,0.85627578333055165,109767.76368-0,,,,,,,,,,,,,,,
109767.779754,381,0.99,0.57137614889499666,0.88250378653632389,109767.779754-0,,,,,,,,,,,,,,,
109767.795872,382,1.0,0.56900761682748424,0.88561693743104009,109767.795872-0,,,,,,,,,,,,,,,
109767.815701,382,1.0,0.56708873030503248,0.8868188515248141,109767.815701-0,,,,,,,,,,,,,,,
109767.831864,383,1.0,0.56527769547357032,0.88862011079265546,109767.831864-0,,,,,,,,,,,,,,,
109767.847708,383,1.0,0.56247631110683294,0.88942421030432772,109767.847708-0,,,,,,,,,,,,,,,
109767.86372,384,0.99,0.55077552575969158,0.89010164192076413,109767.86372-0,,,,,,,,,,,,,,,
109767.879734,384,0.99,0.50452612537583086,0.88680624220696203,109767.879734-0,,,,,,,,,,,,,,,
109767.89982,385,1.0,0.50135151799435462,0.88826307855760156,109767.89982-0,,,,,,,,,,,,,,,
109767.915691,385,1.0,0.49716785943412134,0.88787826377701062,109767.915691-0,,,,,,,,,,,,,,,
109767.93182,386,1.0,0.49396008385850187,0.88890611328965008,109767.93182-0,,,,,,,,,,,,,,,
109767.947713,386,1.0,0.49199557487948375,0.88871748527329419,109767.947713-0,,,,,,,,,,,,,,,
109767.963704,387,1.0,0.48912245264014942,0.88911709830463082,109767.963704-0,,,,,,,,,,,,,,,
109767.983697,387,1.0,0.48729605551010557,0.889114316220045,109767.983697-0,,,,,,,,,,,,,,,
109767.999736,388,1.0,0.48536357083884241,0.88883942206263367,109767.999736-0,,,,,,,,,,,,,,,
109768.01612,388,1.0,0.48383516259494996,0.88880240389691334,109768.01612-0,,,,,,,,,,,,,,,
109768.031866,389,1.0,0.48262610990964738,0.88919417176410054,109768.031866-0,,,,,,,,,,,,,,,
109768.047703,389,1.0,0.48163823188674293,0.88914701520036221,109768.047703-0,,,,,,,,,,,,,,,
109768.067688,390,1.0,0.48038204518546301,0.88886857284334564,109768.067688-0,,,,,,,,,,,,,,,
109768.083728,390,1.0,0.47975355465780822,0.88872401666316669,109768.083728-0,,,,,,,,,,,,,,,
109768.099863,391,1.0,0.48000721556950232,0.88802628780521964,109768.099863-0,,,,,,,,,,,,,,,
109768.115732,391,1.0,0.47948356577608386,0.88770482975147935,109768.115732-0,,,,,,,,,,,,,,,
109768.131871,392,0.99,0.50075889763816583,0.88289477638107261,109768.131871-0,,,,,,,,,,,,,,,
109768.151811,392,0.99,0.51145500072044037,0.89083628011901705,109768.151811-0,,,,,,,,,,,,,,,
109768.167727,393,1.0,0.50964445035257633,0.8906974551942497,109768.167727-0,,,,,,,,,,,,,,,
109768.183743,393,1.0,0.50969229024195251,0.89044714313032625,109768.183743-0,,,,,,,,,,,,,,,
109768.199822,394,1.0,0.50959185365279502,0.89099627582712593,109768.199822-0,,,,,,,,,,,,,,,
109768.215737,394,1.0,0.50918064980773536,0.89061935548146653,109768.215737-0,,,,,,,,,,,,,,,
109768.235821,395,1.0,0.50954723934801294,0.89176167504097936,109768.235821-0,,,,,,,,,,,,,,,
109768.251751,395,1.0,0.50946096777048311,0.89165500070764026,109768.251751-0,,,,,,,,,,,,,,,
109768.267707,396,1.0,0.50995581759192454,0.8917637676721899,109768.267707-0,,,,,,,,,,,,,,,
109768.283731,396,1.0,0.51059626616108922,0.8932022207184529,109768.283731-0,,,,,,,,,,,,,,,
109768.299875,397,1.0,0.51101804551885266,0.89320248392056367,109768.299875-0,,,,,,,,,,,,,,,
109768.319712,397,1.0,0.51071202031135243,0.89364451220690544,109768.319712-0,,,,,,,,,,,,,,,
109768.335876,398,1.0,0.51086686781722435,0.89466386136132581,109768.335876-0,,,,,,,,,,,,,,,
109768.351746,398,1.0,0.51039149745047041,0.8950329920285931,109768.351746-0,,,,,,,,,,,,,,,
109768.367685,399,1.0,0.5108051032369616,0.89498911005564441,109768.367685-0,,,,,,,,,,,,,,,
109768.383733,399,1.0,0.51095531211124978,0.89543814951301659,109768.383733-0,,,,,,,,,,,,,,,
109768.403818,400,1.0,0.51145326477532471,0.89561564551455319,109768.403818-0,,,,,,,,,,,,,,,
109768.41969,400,1.0,0.51147695148000771,0.89559791063985994,109768.41969-0,,,,,,,,,,,,,,,
109768.43582,401,1.0,0.51175583848847417,0.89533898683751367,109768.43582-0,,,,,,,,,,,,,,,
109768.451744,401,1.0,0.51206828597017129,0.89566254355380526,109768.451744-0,,,,,,,,,,,,,,,
109768.467715,402,1.0,0.51234860542705185,0.89564532049175583,109768.467715-0,,,,,,,,,,,,,,,
109768.487778,402,1.0,0.51216935940262509,0.89557652755379369,109768.487778-0,,,,,,,,,,,,,,,
109768.503865,403,1.0,0.51246551958184483,0.8954897746131314,109768.503865-0,,,,,,,,,,,,,,,
109768.519725,403,1.0,0.51236000140900728,0.89567804459259825,109768.519725-0,,,,,,,,,,,,,,,
109768.535869,404,1.0,0.51264725736684547,0.89605736199669472,109768.535869-0,,,,,,,,,,,,,,,
109768.551689,404,1.0,0.51306379312970485,0.89536867062159775,109768.551689-0,,,,,,,,,,,,,,,
109768.571691,405,1.0,0.51405527514286931,0.89586536302188158,109768.571691-0,,,,,,,,,,,,,,,
109768.587918,405,1.0,0.51431203698917294,0.89570237799019914,109768.587918-0,,,,,,,,,,,,,,,
109768.60379,406,1.0,0.51454198756014868,0.8953721537342032,109768.60379-0,,,,,,,,,,,,,,,
109768.619697,406,1.0,0.5145025684416904,0.89521970385521232,109768.619697-0,,,,,,,,,,,,,,,
109768.635873,407,1.0,0.51485940613582848,0.8957248481007527,109768.635873-0,,,,,,,,,,,,,,,
109768.655796,407,1.0,0.51564382684854593,0.89474079759438219,109768.655796-0,,,,,,,,,,,,,,,
109768.671677,408,1.0,0.51623880539025002,0.89446132102985043,109768.671677-0,,,,,,,,,,,,,,,
109768.687758,408,0.99,0.50492707989232422,0.89545456590928385,109768.687758-0,,,,,,,,,,,,,,,
109768.703866,409,1.0,0.50359098913781963,0.89524976647758603,109768.703866-0,,,,,,,,,,,,,,,
109768.719704,409,1.0,0.50255298725319797,0.89325804050031632,109768.719704-0,,,,,,,,,,,,,,,
109768.739862,410,1.0,0.5033303763115029,0.8935715520551506,109768.739862-0,,,,,,,,,,,,,,,
109768.755686,410,1.0,0.50393323053393324,0.89367559721781564,109768.755686-0,,,,,,,,,,,,,,,
109768.771716,411,1.0,0.50448485463448556,0.89372908236183068,109768.771716-0,,,,,,,,,,,,,,,
109768.787722,411,1.0,0.50543719693738076,0.89362533060478633,109768.787722-0,,,,,,,,,,,,,,,
109768.803874,412,1.0,0.506676077739316,0.89295228177004571,109768.803874-0,,,,,,,,,,,,,,,
109768.823727,412,1.0,0.50859713158114594,0.89236394153566323,109768.823727-0,,,,,,,,,,,,,,,
109768.839819,413,1.0,0.51079542077486728,0.89233155579409207,109768.839819-0,,,,,,,,,,,,,,,
109768.856043,413,1.0,0.51166264518983517,0.89230990318697412,109768.856043-0,,,,,,,,,,,,,,,
109768.871715,414,1.0,0.51382853969868059,0.8924951044035776,109768.871715-0,,,,,,,,,,,,,,,
109768.888292,414,1.0,0.51765451773105475,0.89132637503348633,109768.888292-0,,,,,,,,,,,,,,,
109768.907785,415,0.0,1.9845419298578566,-0.58344856517527521,109768.907785-0,,,,,,,,,,,,,,,
109768.923765,415,0.99,0.59085386549047314,0.87291549407812674,109768.923765-0,,,,,,,,,,,,,,,
109768.939707,416,1.0,0.59096966459290634,0.87306163182957963,109768.939707-0,,,,,,,,,,,,,,,
109768.955732,416,1.0,0.5930789863354704,0.87341645548142832,109768.955732-0,,,,,,,,,,,,,,,
109768.971713,417,1.0,0.59562759950321364,0.87316709437518991,109768.971713-0,,,,,,,,,,,,,,,
109768.99169,417,1.0,0.59818354422722031,0.87262108482844969,109768.99169-0,,,,,,,,,,,,,,,
109769.00773,418,1.0,0.60075663846470917,0.87235689414923456,109769.00773-0,,,,,,,,,,,,,,,
109769.023747,418,1.0,0.6037033762797801,0.87282652048011933,109769.023747-0,,,,,,,,,,,,,,,
109769.039752,419,1.0,0.60532993209030117,0.87223576620141419,109769.039752-0,,,,,,,,,,,,,,,
109769.05648,419,1.0,0.60830735886573706,0.87158406486145079,109769.05648-0,,,,,,,,,,,,,,,
109769.075694,420,0.8533109035562398,0.64203077732683589,0.87189584470828052,109769.075694-0,,,,,,,,,,,,,,,
109769.091695,420,0.99,0.64364276431582113,0.85167517649175917,109769.091695-0,,,,,,,,,,,,,,,
109769.107753,421,1.0,0.64216463305846361,0.8514499248142311,109769.107753-0,,,,,,,,,,,,,,,
109769.124271,421,1.0,0.64283457570088487,0.85116060490795942,109769.124271-0,,,,,,,,,,,,,,,
109769.139798,422,0.99,0.62690992718539995,0.85237227824733353,109769.139798-0,,,,,,,,,,,,,,,
109769.164267,422,0.99,0.60024662860094935,0.85816311011416335,109769.164267-0,,,,,,,,,,,,,,,
109769.17571,423,1.0,0.60084444879871235,0.85841351944574829,109769.17571-0,,,,,,,,,,,,,,,
109769.191892,423,1.0,0.60157118239937901,0.85749547970417517,109769.191892-0,,,,,,,,,,,,,,,
109769.207874,424,1.0,0.60305577992162895,0.85718669890789823,109769.207874-0,,,,,,,,,,,,,,,
109769.223943,424,1.0,0.60439506580397229,0.85687796241369441,109769.223943-0,,,,,,,,,,,,,,,
109769.243864,425,1.0,0.60572942701539922,0.85671624022128068,109769.243864-0,,,,,,,,,,,,,,,
109769.259806,425,1.0,0.60708942514680686,0.85671034564937987,109769.259806-0,,,,,,,,,,,,,,,
109769.275677,426,1.0,0.60809453641189215,0.85714195831777218,109769.275677-0,,,,,,,,,,,,,,,
109769.291964,426,1.0,0.60863159276762424,0.85777796406575835,109769.291964-0,,,,,,,,,,,,,,,
109769.307889,427,1.0,0.60885196846377987,0.85884108481090227,109769.307889-0,,,,,,,,,,,,,,,
109769.328207,427,1.0,0.60902455208225348,0.8595399002267774,109769.328207-0,,,,,,,,,,,,,,,
109769.343819,428,1.0,0.60891881791001445,0.8599538881699198,109769.343819-0,,,,,,,,,,,,,,,
109769.35975,428,1.0,0.60917891056612739,0.86050654143177852,109769.35975-0,,,,,,,,,,,,,,,
109769.375713,429,1.0,0.60977815695873261,0.86122768648999326,109769.375713-0,,,,,,,,,,,,,,,
109769.39172,429,1.0,0.6112026072838681,0.86146857609341687,109769.39172-0,,,,,,,,,,,,,,,
109769.411846,430,0.99,0.63804148730696042,0.86230932748263989,109769.411846-0,,,,,,,,,,,,,,,
109769.428052,430,0.9478422444208572,0.63830459702009357,0.86438194397354362,109769.428052-0,,,,,,,,,,,,,,,
109769.443818,431,1.0,0.6394745951326275,0.86813374690083567,109769.443818-0,,,,,,,,,,,,,,,
109769.459798,431,1.0,0.63981699557821514,0.86989775207175324,109769.459798-0,,,,,,,,,,,,,,,
109769.475692,432,1.0,0.63945550369838777,0.86991101044747232,109769.475692-0,,,,,,,,,,,,,,,
109769.49606,432,1.0,0.6403693000148607,0.87008608657960007,109769.49606-0,,,,,,,,,,,,,,,
109769.511805,433,1.0,0.64014845435546341,0.86975269291257362,109769.511805-0,,,,,,,,,,,,,,,
109769.52782,433,1.0,0.63989547072164932,0.8697715926367211,109769.52782-0,,,,,,,,,,,,,,,
109769.543768,434,1.0,0.64064037192565415,0.86969581275364316,109769.543768-0,,,,,,,,,,,,,,,
109769.559763,434,1.0,0.64026381449087211,0.86952866370118009,109769.559763-0,,,,,,,,,,,,,,,
109769.579683,435,1.0,0.64092104559239083,0.86988843189747289,109769.579683-0,,,,,,,,,,,,,,,
109769.596126,435,1.0,0.64183462152942106,0.86963324151770305,109769.596126-0,,,,,,,,,,,,,,,
109769.611867,436,1.0,0.64191365763765518,0.86973134076083181,109769.611867-0,,,,,,,,,,,,,,,
109769.627703,436,1.0,0.64217889434531195,0.86941150711910442,109769.627703-0,,,,,,,,,,,,,,,
109769.643876,437,1.0,0.64219618321410188,0.86920687063495627,109769.643876-0,,,,,,,,,,,,,,,
109769.664032,437,1.0,0.6420028980221435,0.86876626689330383,109769.664032-0,,,,,,,,,,,,,,,
109769.679688,438,1.0,0.64185094235915763,0.86822955731589158,109769.679688-0,,,,,,,,,,,,,,,
109769.696141,438,1.0,0.64202971203752135,0.86751122269430603,109769.696141-0,,,,,,,,,,,,,,,
109769.711865,439,1.0,0.64117896542811259,0.86664225683285334,109769.711865-0,,,,,,,,,,,,,,,
109769.727731,439,1.0,0.64040267694678121,0.86481058530469213,109769.727731-0,,,,,,,,,,,,,,,
109769.747755,440,1.0,0.64033691116630287,0.86274996244993751,109769.747755-0,,,,,,,,,,,,,,,
109769.764095,440,1.0,0.64091653172285135,0.86152570682617213,109769.764095-0,,,,,,,,,,,,,,,
109769.779714,441,1.0,0.64192649978143734,0.86043301009575313,109769.779714-0,,,,,,,,,,,,,,,
109769.79573,441,1.0,0.63902604571578259,0.86057739827024182,109769.79573-0,,,,,,,,,,,,,,,
109769.811887,442,0.0,1.9845419298578566,-0.58344856517527521,109769.811887-0,,,,,,,,,,,,,,,
109769.832026,442,0.99,0.51991796647905275,0.89066020935424284,109769.832026-0,,,,,,,,,,,,,,,
109769.847872,443,1.0,0.51708949887707334,0.8932983394951064,109769.847872-0,,,,,,,,,,,,,,,
109769.863941,443,1.0,0.51579448215045964,0.8926466219397442,109769.863941-0,,,,,,,,,,,,,,,
109769.879687,444,1.0,0.51496063299504158,0.89427145952772147,109769.879687-0,,,,,,,,,,,,,,,
109769.89574,444,1.0,0.51471400559223923,0.89456817756624307,109769.89574-0,,,,,,,,,,,,,,,
109769.915795,445,1.0,0.51486385506597898,0.89525677091283473,109769.915795-0,,,,,,,,,,,,,,,
109769.932103,445,1.0,0.51489501986304553,0.89510668326471077,109769.932103-0,,,,,,,,,,,,,,,
109769.947868,446,1.0,0.51466076480274303,0.89516824424105312,109769.947868-0,,,,,,,,,,,,,,,
109769.964096,446,1.0,0.5142631715393815,0.89545119912117332,109769.964096-0,,,,,,,,,,,,,,,
109769.979691,447,1.0,0.51379519213790736,0.89635655195851438,109769.979691-0,,,,,,,,,,,,,,,
109769.999706,447,1.0,0.51411426005929606,0.89643217829530197,109769.999706-0,,,,,,,,,,,,,,,
109770.015866,448,1.0,0.51409145619446228,0.89631113361766701,109770.015866-0,,,,,,,,,,,,,,,
109770.032143,448,1.0,0.51369269325515887,0.89650646575676873,109770.032143-0,,,,,,,,,,,,,,,
109770.047824,449,1.0,0.51414805928591001,0.89572187364786604,109770.047824-0,,,,,,,,,,,,,,,
109770.063704,449,1.0,0.51392760915407543,0.89502960751705896,109770.063704-0,,,,,,,,,,,,,,,
109770.083672,450,1.0,0.51442729465669679,0.8951103290035558,109770.083672-0,,,,,,,,,,,,,,,
109770.09978,450,1.0,0.51476600789529492,0.89403133421558856,109770.09978-0,,,,,,,,,,,,,,,
109770.115865,451,1.0,0.51461912061409265,0.89359177319773941,109770.115865-0,,,,,,,,,,,,,,,
109770.132034,451,1.0,0.51483765680163529,0.89363806365683196,109770.132034-0,,,,,,,,,,,,,,,
109770.14779,452,0.99,0.5278406058646361,0.88851399058366809,109770.14779-0,,,,,,,,,,,,,,,
109770.167871,452,1.0,0.52636667199793941,0.89014355718737814,109770.167871-0,,,,,,,,,,,,,,,
109770.183677,453,1.0,0.5265570793776746,0.89008224988581297,109770.183677-0,,,,,,,,,,,,,,,
109770.199853,453,1.0,0.52618608583283155,0.88921412494947472,109770.199853-0,,,,,,,,,,,,,,,
109770.215867,454,1.0,0.52660619622392346,0.88976309141173449,109770.215867-0,,,,,,,,,,,,,,,
109770.232139,454,1.0,0.52640070524613769,0.88927801309064858,109770.232139-0,,,,,,,,,,,,,,,
109770.251708,455,1.0,0.52577316974665145,0.8895760611458039,109770.251708-0,,,,,,,,,,,,,,,
109770.268033,455,1.0,0.52585191449126079,0.88930589557853068,109770.268033-0,,,,,,,,,,,,,,,
109770.283728,456,1.0,0.52519550022429939,0.89068022972247185,109770.283728-0,,,,,,,,,,,,,,,
109770.301519,456,1.0,0.52513655667191195,0.89079840263064813,109770.301519-0,,,,,,,,,,,,,,,
109770.315768,457,1.0,0.52563256795177793,0.89136809660604754,109770.315768-0,,,,,,,,,,,,,,,
109770.335945,457,1.0,0.52542799429332376,0.89165015226598143,109770.335945-0,,,,,,,,,,,,,,,
109770.351755,458,1.0,0.52470384964817463,0.89168425878340063,109770.351755-0,,,,,,,,,,,,,,,
109770.367732,458,1.0,0.5252325660299153,0.89157646183639638,109770.367732-0,,,,,,,,,,,,,,,
109770.383715,459,1.0,0.52512889904147464,0.8911116285857883,109770.383715-0,,,,,,,,,,,,,,,
109770.399963,459,1.0,0.52472917544131725,0.89173659320284404,109770.399963-0,,,,,,,,,,,,,,,
109770.4198,460,1.0,0.52462720485643466,0.89109997524168438,109770.4198-0,,,,,,,,,,,,,,,
109770.436427,460,1.0,0.52690634234132361,0.89055789694286691,109770.436427-0,,,,,,,,,,,,,,,
109770.451888,461,1.0,0.53043580543402591,0.89019384974736493,109770.451888-0,,,,,,,,,,,,,,,
109770.467964,461,1.0,0.53043597620337657,0.89023967131017034,109770.467964-0,,,,,,,,,,,,,,,
109770.483713,462,1.0,0.53073354180993348,0.89014906438632835,109770.483713-0,,,,,,,,,,,,,,,
109770.503897,462,1.0,0.53094516991692942,0.89008275599682385,109770.503897-0,,,,,,,,,,,,,,,
109770.519864,463,1.0,0.53060400060607549,0.89010627035048717,109770.519864-0,,,,,,,,,,,,,,,
109770.536078,463,1.0,0.53090275667589815,0.8899194635376908,109770.536078-0,,,,,,,,,,,,,,,
109770.551867,464,1.0,0.5310447938555356,0.89010401915088533,109770.551867-0,,,,,,,,,,,,,,,
109770.567911,464,1.0,0.5307683243436081,0.88981467276230575,109770.567911-0,,,,,,,,,,,,,,,
109770.587707,465,1.0,0.52996505576715869,0.88969440815007772,109770.587707-0,,,,,,,,,,,,,,,
109770.603876,465,1.0,0.52982427895817885,0.89013888465787172,109770.603876-0,,,,,,,,,,,,,,,
109770.619865,466,1.0,0.52963529878452142,0.89076185630166105,109770.619865-0,,,,,,,,,,,,,,,
109770.636024,466,1.0,0.52994003783414989,0.8908197682213741,109770.636024-0,,,,,,,,,,,,,,,
109770.651873,467,1.0,0.52928581421963905,0.89005719629453406,109770.651873-0,,,,,,,,,,,,,,,
109770.671701,467,1.0,0.52877753372242431,0.89048678689011762,109770.671701-0,,,,,,,,,,,,,,,
109770.687707,468,1.0,0.5288777270403191,0.89099714826006338,109770.687707-0,,,,,,,,,,,,,,,
109770.703765,468,1.0,0.52895496633772687,0.89034001979782218,109770.703765-0,,,,,,,,,,,,,,,
109770.719865,469,1.0,0.52876602329850364,0.89040188293224531,109770.719865-0,,,,,,,,,,,,,,,
109770.736178,469,0.99,0.52469968515815246,0.88135110804047745,109770.736178-0,,,,,,,,,,,,,,,
109770.755724,470,1.0,0.52289616393658633,0.87742024507563698,109770.755724-0,,,,,,,,,,,,,,,
109770.771982,470,1.0,0.52118904915620057,0.87783589314068156,109770.771982-0,,,,,,,,,,,,,,,
109770.787678,471,1.0,0.52058873850461573,0.87902437581811643,109770.787678-0,,,,,,,,,,,,,,,
109770.80423,471,1.0,0.52008058730237394,0.88005024626190487,109770.80423-0,,,,,,,,,,,,,,,
109770.819828,472,1.0,0.5199583945365962,0.88081502978211468,109770.819828-0,,,,,,,,,,,,,,,
109770.839818,472,1.0,0.51990204318221345,0.88055314853766742,109770.839818-0,,,,,,,,,,,,,,,
109770.855756,473,1.0,0.51957207556318252,0.88028518776195597,109770.855756-0,,,,,,,,,,,,,,,
109770.871756,473,1.0,0.51974649897971403,0.88031879247530487,109770.871756-0,,,,,,,,,,,,,,,
109770.887718,474,1.0,0.51956630816128602,0.87994324112701605,109770.887718-0,,,,,,,,,,,,,,,
109770.903848,474,1.0,0.5197275549595588,0.87998155376598142,109770.903848-0,,,,,,,,,,,,,,,
109770.923865,475,1.0,0.51953310908034034,0.87983854741329459,109770.923865-0,,,,,,,,,,,,,,,
109770.939863,475,1.0,0.51982488402602023,0.88028786309940532,109770.939863-0,,,,,,,,,,,,,,,
109770.955897,476,1.0,0.52010852323312307,0.87955409169903032,109770.955897-0,,,,,,,,,,,,,,,
109770.972078,476,1.0,0.52011622953147452,0.87906143918969093,109770.972078-0,,,,,,,,,,,,,,,
109770.987684,477,1.0,0.5201435345740979,0.87903339575350792,109770.987684-0,,,,,,,,,,,,,,,
109771.007685,477,1.0,0.52027817121031816,0.87874677018136271,109771.007685-0,,,,,,,,,,,,,,,
109771.023818,478,1.0,0.52024736701170582,0.87842686863236086,109771.023818-0,,,,,,,,,,,,,,,
109771.04002,478,1.0,0.52092909228467832,0.87787506971744467,109771.04002-0,,,,,,,,,,,,,,,
109771.055825,479,1.0,0.52086888405969667,0.87770215774247706,109771.055825-0,,,,,,,,,,,,,,,
109771.071899,479,1.0,0.52086126476064187,0.87834324039567502,109771.071899-0,,,,,,,,,,,,,,,
109771.091669,480,1.0,0.52111105789317236,0.87808466266176932,109771.091669-0,,,,,,,,,,,,,,,
109771.107706,480,1.0,0.52133881989014164,0.87788962005391902,109771.107706-0,,,,,,,,,,,,,,,
109771.123864,481,1.0,0.52123877626725168,0.87790727083391928,109771.123864-0,,,,,,,,,,,,,,,
109771.139977,481,0.99,0.53336216438944462,0.88088697964627194,109771.139977-0,,,,,,,,,,,,,,,
109771.155873,482,1.0,0.5342811538233736,0.88369134111454617,109771.155873-0,,,,,,,,,,,,,,,
109771.175676,482,1.0,0.53381362183295344,0.88339063514844796,109771.175676-0,,,,,,,,,,,,,,,
109771.191676,483,1.0,0.53364198013321662,0.8833334143041851,109771.191676-0,,,,,,,,,,,,,,,
109771.207715,483,1.0,0.53376366078463455,0.88288431635864661,109771.207715-0,,,,,,,,,,,,,,,
109771.223824,484,1.0,0.53369667923386821,0.88276755399268492,109771.223824-0,,,,,,,,,,,,,,,
109771.240105,484,1.0,0.53353867063537841,0.88302221800834158,109771.240105-0,,,,,,,,,,,,,,,
109771.259737,485,1.0,0.53342135553701375,0.88393544447864247,109771.259737-0,,,,,,,,,,,,,,,
109771.275735,485,1.0,0.53324244381958508,0.88427275242968673,109771.275735-0,,,,,,,,,,,,,,,
109771.29167,486,1.0,0.53281818539479886,0.88489921018807571,109771.29167-0,,,,,,,,,,,,,,,
109771.307861,486,1.0,0.53255482359624828,0.88561182742400213,109771.307861-0,,,,,,,,,,,,,,,
109771.32387,487,1.0,0.53259278731605697,0.88554723672505453,109771.32387-0,,,,,,,,,,,,,,,
109771.343795,487,1.0,0.53222227028597935,0.88613795584260924,109771.343795-0,,,,,,,,,,,,,,,
109771.359747,488,1.0,0.53229994445116624,0.88580233061973512,109771.359747-0,,,,,,,,,,,,,,,
109771.375689,488,1.0,0.53086359365235047,0.88630366812343375,109771.375689-0,,,,,,,,,,,,,,,
109771.391684,489,0.99,0.5167577389532827,0.88887650606564961,109771.391684-0,,,,,,,,,,,,,,,
109771.408042,489,1.0,0.51798637807008596,0.88869837076835534,109771.408042-0,,,,,,,,,,,,,,,
109771.427848,490,1.0,0.51732221249069887,0.88829313356171191,109771.427848-0,,,,,,,,,,,,,,,
109771.443865,490,1.0,0.51660366398916047,0.88881709269263443,109771.443865-0,,,,,,,,,,,,,,,
109771.459737,491,1.0,0.51717769572479533,0.88798635619138899,109771.459737-0,,,,,,,,,,,,,,,
109771.475688,491,1.0,0.51698869611423603,0.88812952701144265,109771.475688-0,,,,,,,,,,,,,,,
109771.491704,492,1.0,0.51736992356927125,0.88805628582294016,109771.491704-0,,,,,,,,,,,,,,,
109771.511676,492,1.0,0.51727506970005521,0.88766068622503624,109771.511676-0,,,,,,,,,,,,,,,
109771.527733,493,1.0,0.51724318602587438,0.88830850177298348,109771.527733-0,,,,,,,,,,,,,,,
109771.543875,493,1.0,0.5168854697034817,0.88854154002271013,109771.543875-0,,,,,,,,,,,,,,,
109771.559875,494,1.0,0.51667174435750063,0.88824883521192799,109771.559875-0,,,,,,,,,,,,,,,
109771.576154,494,1.0,0.51683248710351926,0.88957638027209551,109771.576154-0,,,,,,,,,,,,,,,
109771.595752,495,1.0,0.51635179856928204,0.88922420748183395,109771.595752-0,,,,,,,,,,,,,,,
109771.611687,495,1.0,0.516233002273216,0.88964266344424558,109771.611687-0,,,,,,,,,,,,,,,
109771.627867,496,1.0,0.51582149607837913,0.8897971183868405,109771.627867-0,,,,,,,,,,,,,,,
109771.643867,496,1.0,0.51536579514678138,0.89019394074437042,109771.643867-0,,,,,,,,,,,,,,,
109771.659876,497,1.0,0.51529899238850874,0.88996293440466534,109771.659876-0,,,,,,,,,,,,,,,
109771.679683,497,1.0,0.51520716711674552,0.89012018588694186,109771.679683-0,,,,,,,,,,,,,,,
109771.695692,498,1.0,0.5157821268269096,0.89027086246969045,109771.695692-0,,,,,,,,,,,,,,,
109771.711686,498,1.0,0.51609654331899257,0.89073236894688623,109771.711686-0,,,,,,,,,,,,,,,
